INSERT INTO stadium VALUES
('ΟΑΚΑ','ΜΑΡΟΥΣΙ',68079),
('AEL FC ARENA','ΛΑΡΙΣΑ',16118),
('ΓΗΠΕΔΟ ΡΙΖΟΥΠΟΛΗΣ','ΑΘΗΝΑ',15818),
('ΘΕΟΔΩΡΟΣ ΚΟΛΟΚΟΤΡΩΝΗΣ','ΤΡΙΠΟΛΗ',7493),
('ΔΗΜΟΤΙΚΟ ΣΤΑΔΙΟ ΠΕΡΙΣΤΕΡΙΟΥ','ΠΕΡΙΣΤΕΡΙ',8969),
('Ε.A.Κ. ΚΕΡΚΥΡΑΣ','ΚΕΡΚΥΡΑ',3000),
('Δ.A.Κ. ΛΑΜΙΑΣ','ΛΑΜΙΑ',6119),
('ΔΗΜΟΤΙΚΟ ΣΤΑΔΙΟ ΛΙΒΑΔΕΙΑΣ','ΛΙΒΑΔΕΙΑ',8000),
('ΞΑΝΘΗ ARENA','ΞΑΝΘΗ',7244),
('ΣΤΑΔΙΟ Γ. ΚΑΡΑΙΣΚΑΚΗΣ','ΠΕΙΡΑΙΑΣ',32115),
('ΑΠΟΣΤΟΛΟΣ ΝΙΚΟΛΑΙΔΗΣ','ΑΘΗΝΑ', 16620),
('ΓΗΠΕΔΟ ΠΑΝΑΙΤΩΛΙΚΟΥ','ΑΓΡΙΝΙΟ',6000),
('ΓΗΠΕΔΟ ΠΑΝΙΩΝΙΟΥ','ΑΘΗΝΑ',11115),
('ΓΗΠΕΔΟ ΤΟΥΜΠΑΣ','ΘΕΣΣΑΛΟΝΙΚΗ',28703),
('ΕΘΝ. ΣΤΑΔΙΟ ΙΩΑΝΝΙΝΩΝ','ΙΩΑΝΝΙΝΑ',7500),
('ΔΗΜΟΤΙΚΟ ΓΗΠΕΔΟ ΠΕΡΙΒΟΛΙΩΝ','ΧΑΝΙΑ',3700),
('ΚΑΥΤΑΝΖΟΓΛΕΙΟ ΣΤΑΔΙΟ','ΘΕΣΣΑΛΟΝΙΚΗ',27000),
('ΔΗΜΟΤΙΚΟ ΣΤΑΔΙΟ ΒΕΡΟΙΑΣ','ΒΕΡΟΙΑ',6350);
 
INSERT INTO team(name, points, wins, ties, defeats, goalsIN, goalsOUT, stadium) VALUES
('ΟΛΥΜΠΙΑΚΟΣ', 67, 21, 4, 5, 57, 16, 'ΣΤΑΔΙΟ Γ. ΚΑΡΑΙΣΚΑΚΗΣ'),
('Π.Α.Ο.Κ.', 61, 20, 4, 6, 52, 19, 'ΓΗΠΕΔΟ ΤΟΥΜΠΑΣ'),
('ΠΑΝΑΘΗΝΑΪΚΟΣ', 57, 16, 9, 5, 45, 19, 'ΑΠΟΣΤΟΛΟΣ ΝΙΚΟΛΑΙΔΗΣ'),
('Α.Ε.Κ.', 53, 14, 11, 5, 54, 23, 'ΟΑΚΑ'),
('ΠΑΝΙΩΝΙΟΣ', 52, 15, 7, 8, 35, 23, 'ΓΗΠΕΔΟ ΠΑΝΙΩΝΙΟΥ'),
('SΚODA ΞΑΝΘΗΣ', 48, 13, 9, 8, 34, 25, 'ΞΑΝΘΗ ARENA'),
('ΠΛΑΤΑΝΙΑΣ', 42, 11, 9, 10, 34, 38, 'ΔΗΜΟΤΙΚΟ ΓΗΠΕΔΟ ΠΕΡΙΒΟΛΙΩΝ'),
('ΑΤΡΟΜΗΤΟΣ ΑΘΗΝΩΝ', 39, 11, 6, 13, 29, 38, 'ΔΗΜΟΤΙΚΟ ΣΤΑΔΙΟ ΠΕΡΙΣΤΕΡΙΟΥ'),
('ΠΑΣ ΓΙΑΝΝΙΝΑ', 36, 8, 12, 10, 30, 37, 'ΕΘΝ. ΣΤΑΔΙΟ ΙΩΑΝΝΙΝΩΝ'),
('Α.Ο.Κ. ΚΕΡΚΥΡΑ', 32, 8, 8, 14, 22, 43, 'Ε.A.Κ. ΚΕΡΚΥΡΑΣ'),
('ΠΑΝΑΙΤΩΛΙΚΟΣ', 31, 8, 7, 15, 29, 40, 'ΓΗΠΕΔΟ ΠΑΝΑΙΤΩΛΙΚΟΥ'),
('ΑΣΤΕΡΑΣ ΤΡΙΠΟΛΗΣ', 28, 6, 10, 14, 34, 49, 'ΘΕΟΔΩΡΟΣ ΚΟΛΟΚΟΤΡΩΝΗΣ'),
('Α.Ε.Λ.', 28, 6, 10, 14, 23, 42, 'AEL FC ARENA'),
('ΛΕΒΑΔΕΙΑΚΟΣ', 26, 6, 8, 16, 27, 49, 'ΔΗΜΟΤΙΚΟ ΣΤΑΔΙΟ ΛΙΒΑΔΕΙΑΣ'),
('ΑΕΠ ΗΡΑΚΛΗΣ', 29, 6, 11, 13, 28, 39, 'ΚΑΥΤΑΝΖΟΓΛΕΙΟ ΣΤΑΔΙΟ'),
('ΒΕΡΟΙΑ', 22, 5, 7, 18, 23, 56, 'ΔΗΜΟΤΙΚΟ ΣΤΑΔΙΟ ΒΕΡΟΙΑΣ'),
('ΠΑΜΒΑΓΙΑΚΟΣ', 27, 8, 3, 19, 10, 31, 'ΑΠΟΣΤΟΛΟΣ ΝΙΚΟΛΑΙΔΗΣ'),
('ΦΑΡΟΣ ΚΕΡΑΤΣΙΝΙΟΥ', 40, 10, 10, 10, 15, 20, 'ΟΑΚΑ');


INSERT INTO player(id, team_name, name, birthday, goals, is_keeper, cv) VALUES
(NULL, 'ΟΛΥΜΠΙΑΚΟΣ', 'ΑΛΜΠΕΡΤΟ ΜΠΟΤΙΑ', '1989-01-27', 2, 0, 'Προηγούμενες ομάδες: Barcelona, Sporting Gijon, Sevilla, Elche (loan)'),
(NULL, 'ΟΛΥΜΠΙΑΚΟΣ', 'ΑΛΕΞΙΣ ΡΟΜΑΟ', '1984-01-18', 1, 0, 'Προηγούμενες ομάδες: Toulouse B, Louhans-Cuiseaux, Grenoble, Lorient, Marseille');

INSERT INTO player(id, team_name, name, birthday, goals, is_keeper, cv) VALUES
(NULL, 'ΟΛΥΜΠΙΑΚΟΣ', 'ΜΑΝΟΥΕΛ ΝΤΑ ΚΟΣΤΑ', '1986-05-06', 2, 0, 'Προηγούμενες ομάδες: Nancy, PSV, Fiorentina, Sampdoria (loan), West Ham United, Lokomotiv Moscow, Nacional (loan), Sivasspor'),
(NULL, 'ΟΛΥΜΠΙΑΚΟΣ', 'ΣΤΕΦΑΝΟΣ ΚΑΠΙΝΟ', '1994-03-18', 0, 1, 'Προηγούμενες ομάδες: Panthinaikos U20, Panathinaikos, FSV Mainz 05'),
(NULL, 'ΟΛΥΜΠΙΑΚΟΣ', 'ΚΩΣΤΑΣ ΦΟΡΤΟΥΝΗΣ', '1992-10-16', 6, 0, 'Προηγούμενες ομάδες: Trikala, Asteras Tripoli, Kaiserslautern'),
(NULL, 'ΟΛΥΜΠΙΑΚΟΣ', 'ΑΝΔΡΕΑΣ ΜΠΟΥΧΑΛΑΚΗΣ', '1993-04-05', 0, 0, 'Προηγούμενες ομάδες: Εργοτέλης Κ20, Εργοτέλης'),
(NULL, 'ΟΛΥΜΠΙΑΚΟΣ', 'ΟΣΚΑΡ ΚΑΡΝΤΟΖΟ', '1983-05-20', 3, 0, 'Προηγούμενες ομάδες: 3 de Febrero, Nacional Asunción, Newell\'s Old Boys, Benfica, Trabzonspor'),
(NULL, 'ΟΛΥΜΠΙΑΚΟΣ', 'ΑΛΕΧΑΝΤΡΟ ΝΤΟΜΙΝΓΚΕΣ', '1981-06-10', 3, 0, 'Προηγούμενες ομάδες: Κίλμες, Ζενίτ Αγ. Πετρούπολης, Ρούμπιν Καζάν, Βαλένθια, Ρίβερ Πλέιτ, Ράγιο Βαγιεκάνο'),
(NULL, 'ΟΛΥΜΠΙΑΚΟΣ', 'ΜΑΡΚΟ ΜΑΡΙΝ', '1989-03-13', 4, 0, 'Προηγούμενες ομάδες: Borussia Mönchengladbach II, Borussia Mönchengladbach, Werder Bremen, Chelsea'),
(NULL, 'ΟΛΥΜΠΙΑΚΟΣ', 'ΟΜΑΡ ΕΛΑΜΠΝΤΕΛΑΟΥΙ', '1991-12-05', 0, 0, 'Προηγούμενες ομάδες: Eintracht Braunschweig, Feyenoord (loan), Stromsgodset (loan), Manchester City'),
(NULL, 'ΟΛΥΜΠΙΑΚΟΣ', 'ΑΡΝΤΙΤ ΤΟΛΙ', '1997-07-12', 0, 0, 'Προηγούμενες ομάδες: Ολυμπιακός Κ20'),
(NULL, 'ΟΛΥΜΠΙΑΚΟΣ', 'ΚΑΡΙΜ ΑΝΣΑΡΙΦΑΡΝΤ', '1990-04-03', 1, 0, 'Προηγούμενες ομάδες: Saipa, Persepolis, Tractor Sazi, Osasuna, Panionios'),
(NULL, 'ΟΛΥΜΠΙΑΚΟΣ', 'ΤΑΡΙΚ ΕΛΙΟΥΝΟΥΣΙ', '1988-02-23', 4, 0, 'Προηγούμενες ομάδες: Fredrikstad, Heerenveen, Lillestrøm (loan), Fredrikstad, Rosenborg, 1899 Hoffenheim'),
(NULL, 'ΟΛΥΜΠΙΑΚΟΣ', 'ΕΣΤΕΜΠΑΝ ΚΑΜΠΙΑΣΟ', '1980-08-18', 0, 0, 'Προηγούμενες ομάδες: Independiente, River Plate, Real Madrid, Inter Milan, Leicester City'),
(NULL, 'ΟΛΥΜΠΙΑΚΟΣ', 'ΑΛΙ ΣΙΣΟΚΟ', '1987-09-15', 0, 0, 'Προηγούμενες ομάδες: Gueugnon, Vitória Setúbal, Porto, Lyon, Valencia, Liverpool (loan), Aston Villa, Porto (loan)'),
(NULL, 'ΟΛΥΜΠΙΑΚΟΣ', 'ΑΛΜΠΕΡΤΟ ΝΤΕ ΛΑ ΜΠΕΓΙΑ', '1985-12-02', 2, 0, 'Προηγούμενες ομάδες: Gramenet, Espanyol B (loan), Villarreal B, Sevilla B, Real Sociedad');

INSERT INTO player(id, team_name, name, birthday, goals, is_keeper, cv) VALUES
(NULL, 'Π.Α.Ο.Κ.', 'ΑΛΕΞΑΝΤΑΡ ΠΡΙΓΙΟΒΙΤΣ', '1990-04-21', 6, 0, 'Προηγούμενες ομάδες: Πάρμα, Ντέρμπι Κάουντι, Γέοβιλ, Νορθάμπτον, Σιόν, Λοζάνη, Τρόμσο, Τζουργκάρντεν, Μπόλουσπορ, Λέγκια Βαρσοβίας'),
(NULL, 'Π.Α.Ο.Κ.', 'ΛΕΟ ΜΑΤΟΣ', '1986-04-02', 5, 0, 'Προηγούμενες ομάδες: Μαρσέιγ, Φλαμένγκο, Τομπένσε, Παρανά, Φιγκεϊρένσε, Βίλα Νόβα, Τσερνομόρετς, Ντνίπρο'),
(NULL, 'Π.Α.Ο.Κ.', 'ΜΑΡΙΝ ΛΕΟΒΑΤΣ', '1988-08-07', 2, 0, 'Προηγούμενες ομάδες: Αούστρια Βιέννης Ι, Αούστρια Βιέννης, Ριέκα'),
(NULL, 'Π.Α.Ο.Κ.', 'ΔΗΜΗΤΡΗΣ ΧΑΤΖΗΙΣΑΪΑΣ', '1992-09-17', 0, 0, 'Προηγούμενες ομάδες: Βατανιακός, Γλυφάδα, Χανιά, Πανιώνιος, Π.Α.Ο.Κ.'),
(NULL, 'Π.Α.Ο.Κ.', 'ΑΜΡ ΟΥΑΡΝΤΑ', '1993-09-17', 2, 0, 'Προηγούμενες ομάδες: Al-Ahly, Ittihad, Panetolikos'),
(NULL, 'Π.Α.Ο.Κ.', 'ΧΑΡΗΣ ΧΑΡΙΣΗΣ', '1995-01-12', 0, 0, 'Προηγούμενες ομάδες: ΠΑΣ Γιάννινα Κ20, ΠΑΣ Γιάννινα'),
(NULL, 'Π.Α.Ο.Κ.', 'ΤΖΑΛΜΑ ΚΑΜΠΟΣ', '1990-04-21', 6, 0, 'Προηγούμενες ομάδες: Μαρίτιμο, Πόρτο, Κασίμπασα, Κόνιασπορ, Γκεντσλερμπιρλιγκί'),
(NULL, 'Π.Α.Ο.Κ.', 'ΖΕΛΙΚΟ ΜΠΡΚΙΤΣ', '1986-07-09', 0, 1, 'Προηγούμενες ομάδες: Βοϊβοντίνα, Προλετέρ, Ουντινέζε, Σιένα, Κάλιαρι, Κάρπι'),
(NULL, 'Π.Α.Ο.Κ.', 'ΠΕΔΡΟ ΕΝΡΙΚΕ', '1990-06-16', 3, 0, 'Προηγούμενες ομάδες: Σοσιεντάντε Εσπορτίβα Ρεκρεατίβα Κασίας ντο Σουλ, Αβενίντα, Ζυρίχη, Ρεν'),
(NULL, 'Π.Α.Ο.Κ.', 'ΣΤΕΛΙΟΣ ΜΑΛΕΖΑΣ', '1985-03-11', 0, 0, 'Προηγούμενες ομάδες: Πόντιοι Κατερίνης, Π.Α.Ο.Κ., Ηρόδοτος (δανεικός), Φορτούνα Ντίσελντορφ, Παναιτωλικός'),
(NULL, 'Π.Α.Ο.Κ.', 'ΧΟΣΕ ΑΝΧΕΛ ΚΡΕΣΠΟ', '1987-02-09', 0, 0, 'Προηγούμενες ομάδες: Σεβίλλη, Ράσινγκ Σανταντέρ, Πάντοβα, Μπολόνια, Ελλάς Βερόνα, Κόρντομπα, Άστον Βίλα,Ράγιο Βαγιεκάνο'),
(NULL, 'Π.Α.Ο.Κ.', 'ΓΙΑΝΝΗΣ ΜΥΣΤΑΚΙΔΗΣ', '1994-12-07', 4, 0, 'Προηγούμενες ομάδες: Hoffenheim U17, W. Mannheim U19, SC Freiburg U19, SC Freiburg II, P.A.O.K., Pierikos (loan)');

INSERT INTO player(id, team_name, name, birthday, goals, is_keeper, cv) VALUES
(NULL, 'ΠΑΝΑΘΗΝΑΪΚΟΣ', 'ΔΙΑΜΑΝΤΗΣ ΧΟΥΧΟΥΜΗΣ', '1994-07-17', 0, 0, 'Προηγούμενες ομάδες: Παναθηναϊκός Κ20' ),
(NULL, 'ΠΑΝΑΘΗΝΑΪΚΟΣ', 'ΓΙΩΡΓΟΣ ΚΟΥΤΡΟΥΜΠΗΣ', '1991-02-10', 0, 0, 'Προηγούμενες ομάδες: Καλλιθέα, ΑΕΚ'),
(NULL, 'ΠΑΝΑΘΗΝΑΪΚΟΣ', 'ΝΟΥΝΟ ΡΕΪΣ', '1991-01-31', 0, 0, 'Προηγούμενες ομάδες: Σπόρτινγκ Λισσαβώνας, Σερκλ Μπριζ, Ολανένσε, Μετς'),
(NULL, 'ΠΑΝΑΘΗΝΑΪΚΟΣ', 'ΚΡΙΣΤΟΦΕΡ ΣΑΜΠΑ', '1984-03-28', 0, 0, 'Προηγούμενες ομάδες: Σεντάν, Χέρτα Βερολίνου, Μπλάκμπερν, Ανζί, Κουίνς Παρκ Ρέιντζερς, Ανζί, Ντινάμο Μόσχας'),
(NULL, 'ΠΑΝΑΘΗΝΑΪΚΟΣ', 'ΟΛΙΒΙΕ ΜΠΟΥΜΑΛ', '1989-09-17', 1, 0, 'Προηγούμενες ομάδες: Σεντ Ετιέν Β\', Αλμπαθέτε Β\', Παναιτωλικός, Άστρα Γκιούργκιου, Λεβαδειακός, Πανιώνιος'),
(NULL, 'ΠΑΝΑΘΗΝΑΪΚΟΣ', 'ΓΚΙΓΕΡΜΟ ΜΟΛΙΝΣ', '1988-09-26', 1, 0, 'Προηγούμενες ομάδες: Malmö FF, Anderlecht, Betis (loan), Malmö FF, Beijing Renhe'),
(NULL, 'ΠΑΝΑΘΗΝΑΪΚΟΣ', 'ΜΑΡΚΟΥΣ ΜΠΕΡΓΚ', '1986-08-17', 22, 0, 'Προηγούμενες ομάδες: Γκέτεμποργκ, Γκρόνινγκεν, Αμβούργο, Αϊντχόφεν (δαν.), Αμβούργο'),
(NULL, 'ΠΑΝΑΘΗΝΑΪΚΟΣ', 'ΖΟΣΕ ΖΕΚΑ', '1988-08-31', 0, 0, 'Προηγούμενες ομάδες: Κάσα Πία, Σετούμπαλ'),
(NULL, 'ΠΑΝΑΘΗΝΑΪΚΟΣ', 'ΣΕΜΠΑΣΤΙΑΝ ΛΕΤΟ', '1986-08-30', 6, 0, 'Προηγούμενες ομάδες: Λανούς, Λίβερπουλ, Ολυμπιακός (δανεικός), Παναθηναϊκός, Κατάνια, Λανούς (δανεικός)'),
(NULL, 'ΠΑΝΑΘΗΝΑΪΚΟΣ', 'ΝΙΚΟΣ ΜΑΡΙΝΑΚΗΣ', '1993-09-12', 0, 0, 'Προηγούμενες ομάδες: Παναθηναϊκός, Νίκη Βόλου'),
(NULL, 'ΠΑΝΑΘΗΝΑΪΚΟΣ', 'ΒΙΚΤΩΡ ΚΛΩΝΑΡΙΔΗΣ', '1992-07-28', 3, 0, 'Προηγούμενες ομάδες: ΑΕΚ, Λιλ, Μουσκρόν, Παναθηναϊκός, Λανς'),
(NULL, 'ΠΑΝΑΘΗΝΑΪΚΟΣ', 'ΟΔΥΣΣΕΑΣ ΒΛΑΧΟΔΗΜΟΣ', '1994-04-26', 0, 1, 'Προηγούμενες ομάδες: VfB Stuttgart II, VfB Stuttgart'),
(NULL, 'ΠΑΝΑΘΗΝΑΪΚΟΣ', 'ΡΟΜΠΙΝ ΛΟΥΝΤ', '1993-04-17', 3, 0, 'Προηγούμενες ομάδες: Βάασαν, Ελσίνκι'),
(NULL, 'ΠΑΝΑΘΗΝΑΪΚΟΣ', 'ΛΟΥΚΑΣ ΒΙΓΙΑΦΑΝΙΕΣ', '1991-10-04', 2, 0, 'Προηγούμενες ομάδες: Ιντεπεντιέντε, C.A.I., Ουρακάν (δανεικός), Παναιτωλικός (δανεικός)'),
(NULL, 'ΠΑΝΑΘΗΝΑΪΚΟΣ', 'ΛΑΟΥΤΑΡΟ ΡΙΝΑΛΝΤΙ', '1993-12-30', 0, 0, 'Προηγούμενες ομάδες: Αρχεντίνος Τζούνιορς'),
(NULL, 'ΠΑΝΑΘΗΝΑΪΚΟΣ', 'ΔΗΜΗΤΡΗΣ ΚΟΥΡΜΠΕΛΗΣ', '1993-11-02', 0, 0, 'Προηγούμενες ομάδες: Αστέρας Τρίπολης Κ20, Αστέρας Τρίπολης'),
(NULL, 'ΠΑΝΑΘΗΝΑΪΚΟΣ', 'ΝΙΚΛΑΣ ΧΟΥΛΤ', '1990-02-13', 0, 0, 'Προηγούμενες ομάδες: Βαρναμο, Έλφσμποργκ, Νις'),
(NULL, 'ΠΑΝΑΘΗΝΑΪΚΟΣ', 'ΡΟΝΤΡΙΓΚΟ ΜΟΛΕΔΟ', '1987-10-27', 1, 0, 'Προηγούμενες ομάδες: Ουνιάο Ροντοντόπολις, Όντρα Βόντζισλαβ (δανεικός), Ιντερνασιονάλ, Μέταλιστ, Ιντερνασιονάλ');

INSERT INTO player(id, team_name, name, birthday, goals, is_keeper, cv) VALUES
(NULL, 'Α.Ε.Κ.', 'ΒΑΣΙΛΗΣ ΜΠΑΡΚΑΣ', '1994-05-30', 0, 1, 'Προηγούμενες ομάδες: Ατρόμητος Αθηνών Κ20, Ατρόμητος Αθηνών'),
(NULL, 'Α.Ε.Κ.', 'ΟΓΚΝΙΕΝ ΒΡΑΝΙΕΣ', '1989-10-24', 1, 0, 'Προηγούμενες ομάδες: Μπόρατς Μπάνια Λούκα, Ερυθρός Αστέρας, Νάπρεστντακ, Ερυρθρός Αστέρας, Σέριφ, Ερυθρός Αστέρας, Κράσνονταρ, Αλάνια'),
(NULL, 'Α.Ε.Κ.', 'ΒΑΣΙΛΗΣ ΛΑΜΠΡΟΠΟΥΛΟΣ', '1990-03-31', 2, 0, 'Προηγούμενες ομάδες: Ολυμπιακός, Απόλλων Πόντου, Αστέρας Τρίπολης, Γ.Σ Ηλιούπολης, Αστέρας Τρίπολης, Εθνικός Αστέρας, Πανιώνιος'),
(NULL, 'Α.Ε.Κ.', 'ΑΣΤΡΙΤ ΑΪΝΤΑΡΕΒΙΤΣ', '1990-04-17', 1, 0, 'Προηγούμενες ομάδες: Φάλκενμπεργκ, Λίβερπουλ, Λέστερ, Χέρεφορντ, Ερεμπρο, Νόρκεπινγκ Σταντάρ Λιέγης, Τσάρλτον, Χέλσινμποργκ, Σταντάρ Λιέγης, Ερεμπρο'),
(NULL, 'Α.Ε.Κ.', 'ΛΑΖΑΡΟΣ ΧΡΙΣΤΟΔΟΥΛΟΠΟΥΛΟΣ', '1986-12-19', 4, 0, 'Προηγούμενες ομάδες: ΠΑΟΚ, Παναθηναϊκός, Μπολόνια, Ελλάς Βερόνα, Σαμπντόρια, Ελλάς Βερόνα'),
(NULL, 'Α.Ε.Κ.', 'ΑΝΤΡΕ ΣΙΜΟΕΣ', '1989-12-16', 1, 0, 'Προηγούμενες ομάδες: Πόρτο, Παντροένσε, Λεϊσόες, Παντροένσε, Σάντα Κλάρα, Μορεϊρένσε'),
(NULL, 'Α.Ε.Κ.', 'ΟΥΓΚΟ ΑΛΜΕΪΔΑ', '1984-05-23', 4, 0, 'Προηγούμενες ομάδες: Πόρτο Β, Ουνιάο Λεϊρία, Μποαβίστα, Πόρτο, Βέρντερ Βρέμης, Μπεσίκτας, Τσεζένα Κουμπάν, Ανζί, Ανόβερο'),
(NULL, 'Α.Ε.Κ.', 'ΡΟΝΑΛΝΤ ΒΑΡΓΚΑΣ', '1986-12-02', 2, 0, 'Προηγούμενες ομάδες: Καράκας, Μπριζ, Αντερλεχτ, Μπαλικεσιρσπόρ'),
(NULL, 'Α.Ε.Κ.', 'ΣΕΡΤΖΙΟ ΑΡΑΟΥΧΟ', '1992-01-28', 4, 0, 'Προηγούμενες ομάδες: Boca Juniors, Barcelona B (loan), Tigre (loan), Las Palmas (loan), Las Palmas'),
(NULL, 'Α.Ε.Κ.', 'ΡΟΝΤΡΙΓΚΟ ΓΚΑΛΟ', '1986-09-19', 0, 0, 'Προηγούμενες ομάδες: Αβάι, Ζιλ Βισέντε, Μπράγκα, Κοϊμπρα, Παναιτωλικός, Μπράγκα, Πάσος Φερέιρα'),
(NULL, 'Α.Ε.Κ.', 'ΤΟΜΑΣ ΠΕΚΧΑΡΤ', '1989-05-26', 9, 0, 'Προηγούμενες ομάδες: Τότεναμ, Σαουθάμπτον (δαν.) Σλάβια Πράγας (δαν.), Γιάμπλονετς, Σπάρτα Πράγας (δαν.), Νυρεμβέργη'),
(NULL, 'Α.Ε.Κ.', 'ΒΙΝΙΣΙΟΥΣ ΝΤΕ ΦΡΕΪΤΑΣ', '1993-03-07', 1, 0, 'Προηγούμενες ομάδες: Κρουζέιρο Β, Λάτσιο, Πάντοβα, Περούτζια, Ζυρίχη, Λάτσιο'),
(NULL, 'Α.Ε.Κ.', 'ΓΙΑΚΟΜΠ ΓΙΟΧΑΝΣΟΝ', '1990-06-21', 0, 0, 'Προηγούμενες ομάδες: Τρολχάταν, Γκέτεμποργκ');

INSERT INTO player(id, team_name, name, birthday, goals, is_keeper, cv) VALUES
(NULL, 'ΠΑΝΙΩΝΙΟΣ', 'ΒΑΣΙΛΗΣ ΠΛΙΑΤΣΙΚΑΣ', '1988-04-14', 0, 0, 'Προηγούμενες ομάδες: Χαϊδάρι, ΑΕΚ, Σάλκε, Ντούισμπουργκ, Μέταλουργκ, Άστρα, Μέταλουργκ, Σλόβαν Μπρατισλάβα, Πανιώνιος'),
(NULL, 'ΠΑΝΙΩΝΙΟΣ', 'ΧΡΗΣΤΟΣ ΤΑΣΟΥΛΗΣ', '1991-05-03', 1, 0, 'Προηγούμενες ομάδες: Φωστήρας'),
(NULL, 'ΠΑΝΙΩΝΙΟΣ', 'ΒΑΣΙΛΗΣ ΠΑΤΣΑΤΖΟΓΛΟΥ', '1994-04-10', 0, 0, 'Προηγούμενες ομάδες: SKODA Ξάνθη Κ20, Νίκη Βόλου, Ηρακλής Ψαχνών'),
(NULL, 'ΠΑΝΙΩΝΙΟΣ', 'ΣΤΕΦΑΝΟΣ ΜΟΥΚΤΑΡΗΣ', '1994-07-10', 0, 0, 'Προηγούμενες ομάδες: Ολυμπιακός Λευκωσίας, Καλλιθέα'),
(NULL, 'ΠΑΝΙΩΝΙΟΣ', 'ΒΑΓΓΕΛΗΣ ΟΙΚΟΝΟΜΟΥ', '1987-07-18', 0, 0, 'Προηγούμενες ομάδες: Ιωνικός, Θύελλα Πατρών (δανεικός), Αγ. Δημήτριος (δανεικός), Καβάλα, Ατρόμητος Αθηνών, Ρος Κάουντι, Βέροια'),
(NULL, 'ΠΑΝΙΩΝΙΟΣ', 'ΠΑΝΑΓΙΩΤΗΣ ΚΟΡΜΠΟΣ', '1985-09-11', 2, 0, 'Προηγούμενες ομάδες: Ατρόμητος Αθηνών, Ολυμπιακός Βόλου, Τρίκαλα ΑΟ, Λεβαδειακός, Απόλλων Σμύρνης, Παναιτωλικός'),
(NULL, 'ΠΑΝΙΩΝΙΟΣ', 'ΠΑΝΑΓΙΩΤΗΣ ΜΠΑΛΛΑΣ', '1993-09-06', 0, 0, 'Προηγούμενες ομάδες: ΑΕΛ'),
(NULL, 'ΠΑΝΙΩΝΙΟΣ', 'ΑΝΔΡΕΑΣ ΓΙΑΝΝΙΩΤΗΣ', '1992-12-18', 0, 1, 'Προηγούμενες ομάδες: Θρακικός Α. Μητρουσίου, Εθνικός Γαζώρου, Ολυμπιακός, Φωστήρας (δανεικός), ΠΑΣ Γιάννινα (δανεικός), Πανιώνιος (δανεικός)'),
(NULL, 'ΠΑΝΙΩΝΙΟΣ', 'ΓΕΡΑΣΙΜΟΣ ΒΟΥΚΕΛΑΤΟΣ', '1998-03-29', 0, 0, 'Προηγούμενες ομάδες: Πανιώνιος Κ20'),
(NULL, 'ΠΑΝΙΩΝΙΟΣ', 'ΝΤΑΒΙΝΤ ΕΝΓΚΟΓΚ', '1989-04-01', 1, 0, 'Προηγούμενες ομάδες: Paris Saint-Germain, Liverpool, Bolton Wanderers, Swansea City, Reims'),
(NULL, 'ΠΑΝΙΩΝΙΟΣ', 'ΛΕΥΤΕΡΗΣ ΑΣΤΡΑΣ', '1997-02-14', 0, 0, 'Προηγούμενες ομάδες: Πανιώνιος Κ20'),
(NULL, 'ΠΑΝΙΩΝΙΟΣ', 'ΜΠΕΝ ΕΛ ΦΑΡΝΤΟΥ ΜΟΧΑΜΕΝΤ', '1989-06-10', 9, 0, 'Προηγούμενες ομάδες: Χάβρη, Βανς, Βέροια, Ολυμπιακός, Λεβαδειακός (δανεικός), Πανιώνιος (δανεικός)');

INSERT INTO player(id, team_name, name, birthday, goals, is_keeper, cv) VALUES
(NULL, 'SΚODA ΞΑΝΘΗΣ', 'ΖΙΒΚΟ ΖΙΒΚΟΒΙΤΣ', '1989-04-14', 0, 1, 'Προηγούμενες ομάδες: Παρτιζάν Βελιγραδίου, Μέταλατς Γκορνγι Μιλάνοβατς, Παρτιζάν Βελιγραδίου, Μέταλατς Γκορνγι Μιλάνοβατς, Τελεόπτικ Ζέμουν'),
(NULL, 'SΚODA ΞΑΝΘΗΣ', 'ΘΑΝΑΣΗΣ ΠΑΠΑΓΕΩΡΓΙΟΥ', '1987-05-09', 0, 0, 'Προηγούμενες ομάδες: Ατρόμητος, Εθνικός Πειραιώς, Ρόδος, Ατρόμητος, Παναργειακός (δανεικός), Πιερικός, Λάρισα, Πανθρακικός, Ξάνθη'),
(NULL, 'SΚODA ΞΑΝΘΗΣ', 'ΑΡΙΣΤΟΤΕΛΗΣ ΚΑΡΑΣΑΛΙΔΗΣ', '1991-05-03', 0, 0, 'Προηγούμενες ομάδες: ΠΑΟΚ, Αναγέννηση Γιαννιτσών, Μέγας Αλέξανδρος, Πανσερραϊκός, Άρης, Πανηλειακός, Νίκη Βόλου, Ηρακλής, Ξάνθη'),
(NULL, 'SΚODA ΞΑΝΘΗΣ', 'ΔΗΜΟΣ ΜΠΑΞΕΒΑΝΙΔΗΣ', '1998-04-14', 0, 0, 'Προηγούμενες ομάδες: Ξάνθη, Δόξα Δράμας'),
(NULL, 'SΚODA ΞΑΝΘΗΣ', 'ΠΑΜΠΛΟ ΝΤΕ ΛΟΥΚΑΣ', '1986-09-20', 1, 0, 'Προηγούμενες ομάδες: Σπόρτινγκ Χιχόν, Αλαβές, Ράγιο Βαγιεκάνο, Σαλαμάνκα, Πετρολούλ Πλοϊέστι, Μπεϊτάρ Ιερουσαλήμ, Βιτορούλ'),
(NULL, 'SΚODA ΞΑΝΘΗΣ', 'ΠΑΝΑΓΙΩΤΗΣ ΤΡΙΑΔΗΣ', '1992-09-09', 2, 0, 'Προηγούμενες ομάδες: Ξάνθη Κ20'),
(NULL, 'SΚODA ΞΑΝΘΗΣ', 'ΚΩΝΣΤΑΝΤΙΝΟΣ ΚΩΣΤΑΣ', '1997-05-29', 0, 0, 'Προηγούμενες ομάδες: Π.Α.Ο.Κ. Κ20'),
(NULL, 'SΚODA ΞΑΝΘΗΣ', 'ΧΑΜΖΑ ΓΙΟΥΝΕΣ', '1986-04-16', 19, 0, 'Προηγούμενες ομάδες: Σπόρτιφ Σφάξιεν, Πετρολούλ Πλοϊέστι, Μπότεφ Πλόβντιβ, Λουντογκόρετς Ράζγκραντ, Τράκτορ Σάζι'),
(NULL, 'SΚODA ΞΑΝΘΗΣ', 'ΚΑΡΙΜ ΣΟΛΤΑΝΙ', '1984-08-29', 2, 0, 'Προηγούμενες ομάδες: Μπρεστ, Χάβρη, Φένλο, Ντε Χάαγκ, Ηρακλής, Άρης, Σέτιφ'),
(NULL, 'SΚODA ΞΑΝΘΗΣ', 'ΑΝΤΡΙΑΝ ΛΟΥΣΕΡΟ', '1984-08-16', 0, 0, 'Προηγούμενες ομάδες: Νιούελς Ολντ Μπόις, Ρασίνγκ Κλάμπ, Ολίμπο Ντε Μπάϊα, Πανθρακικός, ΑΕΚ Λάρνακας, Απόλλων Σμύρνης'),
(NULL, 'SΚODA ΞΑΝΘΗΣ', 'ΑΛΦΡΕΝΤΟ ΜΕΧΙΑ', '1990-04-03', 0, 0, 'Προηγούμενες ομάδες: Ρεάλ Εσπάνα, Μοτάγια, Μάραθον, Πανθρακικός, Μάραθον'),
(NULL, 'SΚODA ΞΑΝΘΗΣ', 'ΟΚΑΝ ΧΑΤΖΗΤΕΡΖΟΓΛΟΥ', '1996-03-05', 0, 0, 'Προηγούμενες ομάδες: Ξάνθη Κ20');

INSERT INTO player(id, team_name, name, birthday, goals, is_keeper, cv) VALUES
(NULL, 'ΠΛΑΤΑΝΙΑΣ', 'ΓΙΑΝΝΗΣ ΚΑΡΓΑΣ', '1994-12-09', 2, 0, 'Προηγούμενες ομάδες: Παναχαϊκή, Πλατανιάς'),
(NULL, 'ΠΛΑΤΑΝΙΑΣ', 'ΦΙΛΙΠ ΣΤΑΝΙΣΑΒΛΙΕΒΙΤΣ', '1987-05-20', 0, 0, 'Προηγούμενες ομάδες: Μεταλάκ, Ζαβόρ, Ούιπεστ'),
(NULL, 'ΠΛΑΤΑΝΙΑΣ', 'ΧΡΗΣΤΟΣ ΚΑΡΥΠΙΔΗΣ', '1981-12-02', 2, 0, 'Προηγούμενες ομάδες: Καβάλα, Κέρκυρα, ΠΑΟΚ, Χαρτς, Ομόνοια, ΑΠΟΕΛ, Απόλλων Λεμεσού, Ξάνθη'),
(NULL, 'ΠΛΑΤΑΝΙΑΣ', 'ΚΩΣΤΑΣ ΜΕΝΔΡΙΝΟΣ', '1985-05-28', 2, 0, 'Προηγούμενες ομάδες: Ολυμπιακός, Ατρόμητος Αθηνών (δανεικός), Ιωνικός (δανεικός), ΠΑΣ Γιάννινα, Άρης, Παναχαϊκή, Πανιώνιος, Πλατανιάς'),
(NULL, 'ΠΛΑΤΑΝΙΑΣ', 'ΧΟΥΑΝ ΜΟΥΝΑΦΟ', '1988-03-20', 3, 0, 'Προηγούμενες ομάδες: Μπόκα Τζούνιορς ΙΙ, Πανθρακικός, Πλατανιάς (δανεικός), Αστέρας Τρίπολης, Πλατανιάς'),
(NULL, 'ΠΛΑΤΑΝΙΑΣ', 'ΓΙΩΡΓΟΣ ΜΑΝΟΥΣΟΣ', '1987-12-03', 8, 0, 'Προηγούμενες ομάδες: Πανλεσβιακός, Δάφνη Μεσαγρού, Αγία Μαρίνα, Ατρόμητος Αθηνών, Αιολικός, Ο.Φ.Η., Α.Ε.Λ. Καλλονής, Πλατανιάς'),
(NULL, 'ΠΛΑΤΑΝΙΑΣ', 'ΜΙΚΑΛΑΪ ΣΙΓΚΝΕΒΙΤΣ', '1992-02-20', 2, 0, 'Προηγούμενες ομάδες: Bate Borisov'),
(NULL, 'ΠΛΑΤΑΝΙΑΣ', 'ΓΙΩΡΓΟΣ ΓΙΑΚΟΥΜΑΚΗΣ', '1994-12-09', 11, 0, 'Προηγούμενες ομάδες: Ατσαλένιος, Πλατανιάς, Επισκοπή, Πλατανιάς'),
(NULL, 'ΠΛΑΤΑΝΙΑΣ', 'ΔΗΜΗΤΡΗΣ ΣΩΤΗΡΙΟΥ', '1987-09-13', 0, 1, 'Προηγούμενες ομάδες: Πανιώνιος, Φωστήρας, Λάρισα, Εθνικός Πειραιώς (δαν.), Ερμής Αραπίδου, ΠΑΣ Γιάννινα'),
(NULL, 'ΠΛΑΤΑΝΙΑΣ', 'ΒΙΤΑΛΙ ΠΡΙΝΤΕΤΑ', '1993-02-02', 1, 0, 'Προηγούμενες ομάδες: Βόλιν Λουτσκ'),
(NULL, 'ΠΛΑΤΑΝΙΑΣ', 'ΓΙΑΝΝΗΣ ΠΑΠΑΝΙΚΟΛΑΟΥ', '1998-11-18', 0, 0, 'Προηγούμενες ομάδες: Πλατανιάς Κ20'),
(NULL, 'ΠΛΑΤΑΝΙΑΣ', 'ΣΤΕΛΙΟΣ ΜΑΡΑΓΚΟΣ', '1989-05-04', 0, 0, 'Προηγούμενες ομάδες: Kavala, Doxa Drama, Platanias, Kavala, AEK Larnaca, Kerkyra, Veria'),
(NULL, 'ΠΛΑΤΑΝΙΑΣ', 'ΑΛΕΞΑΝΔΡΟΣ ΑΠΟΣΤΟΛΟΠΟΥΛΟΣ', '1991-11-07', 1, 0, 'Προηγούμενες ομάδες: Π.A.O.K., Ζάκυνθος (δανεικός), Αναγέννηση Γιαννιτσών (δανεικός), Βέροια (δανεικός), Πλατανιάς');

INSERT INTO player(id, team_name, name, birthday, goals, is_keeper, cv) VALUES
(NULL, 'ΑΤΡΟΜΗΤΟΣ ΑΘΗΝΩΝ', 'ΓΙΑΝΝΗΣ ΚΟΝΤΟΕΣ', '1986-05-24', 0, 0, 'Προηγούμενες ομάδες: Άγιος Δημήτριος, Αθηναϊκός, Φωστήρας, Πανιώνιος, Α.Ε.Κ., Αστέρας Τρίπολης, Ατρόμητος Αθηνών'),
(NULL, 'ΑΤΡΟΜΗΤΟΣ ΑΘΗΝΩΝ', 'ΘΑΝΑΣΗΣ ΠΑΝΤΕΛΙΑΔΗΣ', '1987-09-06', 0, 0, 'Προηγούμενες ομάδες: Πιερικός, Πανσερραϊκός, Απόλλων Σμύρνης, Αστέρας Τρίπολης, Ομόνοια, Ατρόμητοσ Αθηνών (δανεικός)'),
(NULL, 'ΑΤΡΟΜΗΤΟΣ ΑΘΗΝΩΝ', 'ΝΤΜΙΤΡΙ ΜΠΑΓΚΑ', '1990-01-04', 0, 0, 'Προηγούμενες ομάδες: BATE Borisov, Hapoel Haifa'),
(NULL, 'ΑΤΡΟΜΗΤΟΣ ΑΘΗΝΩΝ', 'ΣΩΚΡΑΤΗΣ ΦΥΤΑΝΙΔΗΣ', '1984-05-25', 1, 0, 'Προηγούμενες ομάδες: Απόλλων Καλαμαριάς, Αστέρας Τρίπολης'),
(NULL, 'ΑΤΡΟΜΗΤΟΣ ΑΘΗΝΩΝ', 'ΛΟΥΙΖ ΜΠΡΙΤΟ', '1982-09-21', 0, 0, 'Προηγούμενες ομάδες: Απόλλων Καλαμαριάς, Νίκη Βόλου, Διαγόρας Ρόδου, Απόλλων Καλαμαριάς'),
(NULL, 'ΑΤΡΟΜΗΤΟΣ ΑΘΗΝΩΝ', 'ΧΑΒΙΕ ΟΥΜΠΙΔΕΣ', '1982-02-09', 5, 0, 'Προηγούμενες ομάδες: Defensors de Belgrano, CA Estudiantes, Defensay Y Justicia, CA All Boys Buenos Aires, Olympiakos Volou, Aris, Orduspor,'),
(NULL, 'ΑΤΡΟΜΗΤΟΣ ΑΘΗΝΩΝ', 'ΑΝΤΟΝΙ ΛΕ ΤΑΛΕΚ', '1984-10-03', 6, 0, 'Προηγούμενες ομάδες: Λίβερπουλ, Λε Χαβρ (δαν.), Σεν Ετιέν (δαν.), Σάντερλαντ (δαν.), Σοσό (δαν.), Λε Μαν (δαν.), Λε Μαν'),
(NULL, 'ΑΤΡΟΜΗΤΟΣ ΑΘΗΝΩΝ', 'ΜΑΡΤΙΝ ΤΟΝΣΟ', '1989-10-19', 6, 0, 'Προηγούμενες ομάδες: Newell\'s Old Boys, Colo-Colo'),
(NULL, 'ΑΤΡΟΜΗΤΟΣ ΑΘΗΝΩΝ', 'ΔΗΜΗΤΡΗΣ ΤΣΑΤΣΟΠΟΥΛΟΣ', '1996-04-12', 0, 0, 'Προηγούμενες ομάδες: Ατρόμητος Αθηνών Κ20'),
(NULL, 'ΑΤΡΟΜΗΤΟΣ ΑΘΗΝΩΝ', 'ΓΙΩΡΓΟΣ ΖΗΣΟΠΟΥΛΟΣ', '1984-05-23', 0, 0, 'Προηγούμενες ομάδες: Άρης, Π.Α.Ο.Κ., Λεβαδειακός, Πανθρακικός, Λεβαδειακός, Αστέρας Τρίπολης'),
(NULL, 'ΑΤΡΟΜΗΤΟΣ ΑΘΗΝΩΝ', 'ΑΝΤΡΕΙ ΓΚΟΡΜΠΟΥΝΟΦ', '1983-05-25', 0, 1, 'Προηγούμενες ομάδες: Dnepr Mogilev, Dinamo Minsk, Neman Grodno, BATE Borisov');

INSERT INTO player(id, team_name, name, birthday, goals, is_keeper, cv) VALUES
(NULL, 'ΠΑΣ ΓΙΑΝΝΙΝΑ', 'ΑΛΕΞΑΝΔΡΟΣ ΠΑΣΧΑΛΑΚΗΣ', '1989-07-28', 0, 1, 'Προηγούμενες ομάδες: Ηλιούπολη, Λεβαδειακός, ΠΑΕΚ, Πανθρακικός, ΠΑΣ Γιάννινα'),
(NULL, 'ΠΑΣ ΓΙΑΝΝΙΝΑ', 'ΜΙΧΑΛΗΣ ΜΠΟΥΚΟΥΒΑΛΑΣ', '1988-01-14', 0, 0, 'Προηγούμενες ομάδες: Παναιτωλικός, Λάρισα, Τρίκαλα, Κέρκυρα, Ηρακλής Superleague 2016-2017'),
(NULL, 'ΠΑΣ ΓΙΑΝΝΙΝΑ', 'ΑΝΤΙ ΛΙΛΑ', '1986-02-12', 1, 0, 'Προηγούμενες ομάδες: Μπέσα, Ηρακλής, Μπέσα, Τίρανα, ΠΑΣ Γιάννινα, Πάρμα (δαν.)'),
(NULL, 'ΠΑΣ ΓΙΑΝΝΙΝΑ', 'ΘΟΔΩΡΗΣ ΜΠΕΡΙΟΣ', '1989-03-21', 0, 0, 'Προηγούμενες ομάδες: Δόξα Μεγαλόπολης, Σαρωνικός Αίγινας, Θήβα, Ιωνικός, Ηλιούπολη, Βύζας, Εθνικός Αστήρ, Ζενίτ'),
(NULL, 'ΠΑΣ ΓΙΑΝΝΙΝΑ', 'ΗΡΑΚΛΗΣ ΓΑΡΟΥΦΑΛΙΑΣ', '1993-05-01', 0, 0, 'Προηγούμενες ομάδες: Α.Ε.Κ., Αστέρας Μαγούλας (δαν.), Φωστήρας'),
(NULL, 'ΠΑΣ ΓΙΑΝΝΙΝΑ', 'ΑΛΕΞΗΣ ΜΙΧΑΗΛ', '1986-08-18', 1, 0, 'Προηγούμενες ομάδες: ΠΑΣ Γιάννινα, Λαμία (δανεικός), ΠΑΣ Γιάννινα, Πανσεραϊκός (δανεικός)'),
(NULL, 'ΠΑΣ ΓΙΑΝΝΙΝΑ', 'ΕΥΡΙΠΙΔΗΣ ΓΙΑΚΟΣ', '1991-04-09', 1, 0, 'Προηγούμενες ομάδες: Δόξα Κρανούλας'),
(NULL, 'ΠΑΣ ΓΙΑΝΝΙΝΑ', 'ΘΕΜΙΣΤΟΚΛΗΣ ΤΖΗΜΟΠΟΥΛΟΣ', '1985-11-20', 3, 0, 'Προηγούμενες ομάδες: Ακράτητος, Βέροια, Κέρκυρα (δαν.), Εθνικός Αστέρας'),
(NULL, 'ΠΑΣ ΓΙΑΝΝΙΝΑ', 'ΠΕΔΡΟ ΚΟΝΤΕ', '1988-12-26', 13, 0, 'Προηγούμενες ομάδες: Córdoba B, Córdoba, Atlético C, Jaén, Pozoblanco, Granada B, Alcoyano, Melilla, Mérida'),
(NULL, 'ΠΑΣ ΓΙΑΝΝΙΝΑ', 'ΖΑΙΡΟ ΝΤΕ ΜΑΣΕΝΤΟ ΝΤΑ ΣΙΛΒΑ', '1992-05-06', 3, 0, 'Προηγούμενες ομάδες: Madureira, Internacional (loan), Botafogo (loan), Trenčín, P.A.O.K., PAS Giannina (loan)'),
(NULL, 'ΠΑΣ ΓΙΑΝΝΙΝΑ', 'ΝΟΕ ΑΚΟΣΤΑ ΡΙΒΕΡΑ', '1983-12-10', 1, 0, 'Προηγούμενες ομάδες: Colonia Moscardo, Atletico Madrid C\', Real Murcia, Alcala, Almeria B\', Motril, Universitatea Cluj, Ολυμπιακός Βόλου, Άρης, Λεβαδειακός');

INSERT INTO player(id, team_name, name, birthday, goals, is_keeper, cv) VALUES
(NULL, 'Α.Ο.Κ. ΚΕΡΚΥΡΑ', 'ΦΩΤΗΣ ΚΟΥΤΖΑΒΑΣΙΛΗΣ', '1989-03-11', 0, 1, 'Προηγούμενες ομάδες: Π.Α.Ο.Κ. U20, Π.Α.Ο.Κ., Πανσερραϊκός'),
(NULL, 'Α.Ο.Κ. ΚΕΡΚΥΡΑ', 'ΠΟΛ ΚΕΪΤΑ', '1992-06-23', 0, 0, 'Προηγούμενες ομάδες: Ντουάνες, Μπενφίκα, ΠΑΣ Γιάννινα, ΑΕΛ Καλλονής, Ατρόμητος Αθηνών'),
(NULL, 'Α.Ο.Κ. ΚΕΡΚΥΡΑ', 'ΒΛΑΝΤΙΜΙΡ ΝΤΙΜΙΤΡΟΦΣΚΙ', '1988-11-30', 0, 0, 'Προηγούμενες ομάδες: Vardar, Westerlo, Cementarnica, Croatia Sesvete, Metalurg Skopje, Mlada Boleslav'),
(NULL, 'Α.Ο.Κ. ΚΕΡΚΥΡΑ', 'ΝΤΑΒΙΝΤ ΝΑΖΙΜ', '1996-11-07', 0, 0, 'Προηγούμενες ομάδες: Zakynthos, Al-Urooba'),
(NULL, 'Α.Ο.Κ. ΚΕΡΚΥΡΑ', 'ΤΑΣΟΣ ΒΕΝΕΤΗΣ', '1980-03-24', 0, 0, 'Προηγούμενες ομάδες: Ηρακλής, Λάρισα, Νταντί Γιουνάιτεντ, Ρος Κάουντι, Ακράτητος, Καλλιθέα, Λάρισα, Ο.Φ.Η.'),
(NULL, 'Α.Ο.Κ. ΚΕΡΚΥΡΑ', 'ΜΑΡΙΟΣ ΤΖΑΝΟΥΛΙΝΟΣ', '1996-04-15', 0, 0, 'Προηγούμενες ομάδες: Παναθηναϊκός Κ20, Παναθηναϊκός'),
(NULL, 'Α.Ο.Κ. ΚΕΡΚΥΡΑ', 'ΦΩΤΗΣ ΓΕΩΡΓΙΟΥ', '1985-07-19', 0, 0, 'Προηγούμενες ομάδες: Παναθηναϊκός Κ20, Μαρκό, Καλλιθέα, Λαμία (δανεικός), Ιωνικός Νικαίας, Διαγόρας Ρόδου, ΠΑΣ Γιάννινα, Ατρόμητος Αθηνών, Α.Ε.Λ. Καλλονή'),
(NULL, 'Α.Ο.Κ. ΚΕΡΚΥΡΑ', 'ΙΦΕΑΝΙ ΟΝΙΛΟ', '1990-10-31', 0, 0, 'Προηγούμενες ομάδες: Chukson, Javor Ivanjica, Sloga Požega (loan), Red Star Belgrade, Ermis Aradippou (loan), Al-Faisaly Harmah, Aris Limassol'),
(NULL, 'Α.Ο.Κ. ΚΕΡΚΥΡΑ', 'ΠΑΝΑΓΙΩΤΗΣ ΖΟΡΜΠΑΣ', '1987-04-21', 0, 0, 'Προηγούμενες ομάδες: Α.Ε.Κ., Νίκη βόλου (δανεικός), Παναιτωλικός (δανεικός), Ο.Φ.Η.'),
(NULL, 'Α.Ο.Κ. ΚΕΡΚΥΡΑ', 'ΜΑΤΙΕ ΓΚΟΜΕΣ', '1985-03-06', 1, 0, 'Προηγούμενες ομάδες: Real Sociedad B\', Salamanca, Irun, Pomigliano, Juve Stabia, Sanremese Calcio (loan), Aprilia, Fokikos'),
(NULL, 'Α.Ο.Κ. ΚΕΡΚΥΡΑ', 'ΓΙΩΡΓΟΣ ΠΑΜΛΙΔΗΣ', '1993-11-13', 0, 0, 'Προηγούμενες ομάδες: Αχιλλέας Νεοκαισαρείας, Εργοτέλης, Α.Ε.Λ. (δανεικός)');

INSERT INTO player(id, team_name, name, birthday, goals, is_keeper, cv) VALUES
(NULL, 'ΠΑΝΑΙΤΩΛΙΚΟΣ', 'ΔΗΜΗΤΡΗΣ ΚΟΥΤΡΟΜΑΝΟΣ', '1987-02-25', 0, 0, 'Προηγούμενες ομάδες: Παναιτωλικός, Α.Ε.Κ, Θρασύβουλος (δανεικός), Εθνικός Πειραιά (δανεικός), Αναγέννηση Καρδίτσας (δανεικός)M, Παναιτωλικός'),
(NULL, 'ΠΑΝΑΙΤΩΛΙΚΟΣ', 'ΑΛΕΞΑΝΔΡΟΣ ΜΑΛΗΣ', '1997-03-19', 0, 0, 'Προηγούμενες ομάδες: Παναιτωλικός Κ20'),
(NULL, 'ΠΑΝΑΙΤΩΛΙΚΟΣ', 'ΜΙΓΚΕΛ ΡΟΝΤΡΙΓΚΕΣ', '1993-03-16', 1, 0, 'Προηγούμενες ομάδες: Λεϊρία, Νασιονάλ'),
(NULL, 'ΠΑΝΑΙΤΩΛΙΚΟΣ', 'ΓΙΩΡΓΟΣ ΚΟΥΣΑΣ', '1982-06-12', 1, 0, 'Προηγούμενες ομάδες: Άρης, Απόλλων Καλαμαριάς, ΠΑΣ Γιάννινα, Παναιτωλικός'),
(NULL, 'ΠΑΝΑΙΤΩΛΙΚΟΣ', 'ΦΕΝΤΕΡΙΚΟ ΜΠΡΑΒΟ', '1993-10-05', 0, 0, 'Προηγούμενες ομάδες: Μπόκα Τζούνιορς, Νιου Γιορκ Σίτι (δανεικός)'),
(NULL, 'ΠΑΝΑΙΤΩΛΙΚΟΣ', 'ΦΑΜΠΙΑΝ ΜΟΥΝΙΟΣ', '1991-11-03', 2, 0, 'Προηγούμενες ομάδες: Newell\'s, Arsenal de Sarandí'),
(NULL, 'ΠΑΝΑΙΤΩΛΙΚΟΣ', 'ΦΑΡΛΕΪ ΒΙΕΪΡΑ ΡΟΣΑ', '1994-01-14', 3, 0, 'Προηγούμενες ομάδες: Σπόρτιγκ, Σεβαστούπολη, Μόντε Αζούλ, Απόλλων Λεμεσσού, ΑΕΚ Λάρνακας'),
(NULL, 'ΠΑΝΑΙΤΩΛΙΚΟΣ', 'ΜΠΑΟΥΚΕ ΚΛΕΣΙΟ', '1994-10-11', 1, 0, 'Προηγούμενες ομάδες: Μπενφίκα, Φιλαδέλφεια, Χάρισμπουργκ Σίτι'),
(NULL, 'ΠΑΝΑΙΤΩΛΙΚΟΣ', 'ΔΗΜΗΤΡΗΣ ΠΑΠΑΔΟΠΟΥΛΟΣ', '1981-10-20', 1, 0, 'Προηγούμενες ομάδες: Ακράτητος, Μπέρνλι, Παναθηναϊκός, Λέτσε, Ντιναμό Ζάγκρεπ, Θέλτα, Λεβαδειακός, Πανθρακικός, Π.Α.Ο.Κ., Αστέρας Τρίπολης'),
(NULL, 'ΠΑΝΑΙΤΩΛΙΚΟΣ', 'ΤΑΣΟΣ ΠΑΠΑΖΟΓΛΟΥ', '1988-09-24', 0, 0, 'Προηγούμενες ομάδες: Πανσερραϊκός, Ολυμπιακός, ΑΠΟΕΛ, Ξάνθη, Παναιτωλικός'),
(NULL, 'ΠΑΝΑΙΤΩΛΙΚΟΣ', 'ΓΡΗΓΟΡΗΣ ΜΑΚΟΣ', '1987-01-18', 3, 0, 'Προηγούμενες ομάδες: Πανιώνιος, Α.Ε.Κ., Μόναχο 1860, Ανόρθωση'),
(NULL, 'ΠΑΝΑΙΤΩΛΙΚΟΣ', 'ΔΗΜΗΤΡΗΣ ΚΥΡΙΑΚΙΔΗΣ', '1986-09-24', 0, 1, 'Προηγούμενες ομάδες: ΠΑΟΚ, Αγροτικός Αστέρας, Πανσερραϊκός, Λεβαδειακός, Ξάνθη');

INSERT INTO player(id, team_name, name, birthday, goals, is_keeper, cv) VALUES
(NULL, 'ΑΣΤΕΡΑΣ ΤΡΙΠΟΛΗΣ', 'ΤΟΜΑΣ ΚΟΣΙΣΚΙ', '1986-03-11', 0, 1, 'Προηγούμενες ομάδες: Ίντερ Μπρατισλάβα, Κατάνια, Νοβάρα'),
(NULL, 'ΑΣΤΕΡΑΣ ΤΡΙΠΟΛΗΣ', 'ΒΙΤΑΛΙ ΓΚΑΪΝΤΟΥΤΣΙΚ', '1989-07-12', 0, 0, 'Προηγούμενες ομάδες: Dinamo Brest, Bate Borisov'),
(NULL, 'ΑΣΤΕΡΑΣ ΤΡΙΠΟΛΗΣ', 'ΚΩΝΣΤΑΝΤΙΝΟΣ ΤΡΙΑΝΤΑΦΥΛΛΟΠΟΥΛΟΣ', '1993-04-03', 0, 0, 'Προηγούμενες ομάδες: Παναθηναϊκός'),
(NULL, 'ΑΣΤΕΡΑΣ ΤΡΙΠΟΛΗΣ', 'ΣΕΝΤΡΙΚ ΓΚΟΝΤΟ', '1996-11-25', 1, 0, 'Προηγούμενες ομάδες: Φιορεντίνα, Τερνάνα'),
(NULL, 'ΑΣΤΕΡΑΣ ΤΡΙΠΟΛΗΣ', 'ΠΑΜΠΛΟ ΜΑΣΑ', '1987-12-21', 7, 0, 'Προηγούμενες ομάδες: Ρίβερ Πλέιτ, Χουβεντούδ ντε Περγαμινό (δαν.), Ντάγκλας Χεγκ'),
(NULL, 'ΑΣΤΕΡΑΣ ΤΡΙΠΟΛΗΣ', 'ΝΙΚΟΣ ΙΩΑΝΝΙΔΗΣ', '1994-04-26', 4, 0, 'Προηγούμενες ομάδες: Ολυμπιακός, Χάνσα Ροστόκ (δανεικός), Τσβόλε (δανεικός), Μπορούσια Ντόρτμουντ ΙΙ (δανεικός)'),
(NULL, 'ΑΣΤΕΡΑΣ ΤΡΙΠΟΛΗΣ', 'ΜΙΧΑΛΗΣ ΜΑΝΙΑΣ', '1990-02-20', 10, 0, 'Προηγούμενες ομάδες: Ρουφ ΠΑΟ, Γλυφάδα ΑΟ (δαν.), Απόλλων Σμύρνης, Άρης, ΠΑΣ Γιάννινα, Βέστερλο'),
(NULL, 'ΑΣΤΕΡΑΣ ΤΡΙΠΟΛΗΣ', 'ΣΤΑΥΡΟΣ ΤΣΟΥΚΑΛΑΣ', '1988-05-23', 2, 0, 'Προηγούμενες ομάδες: Π.Α.Ο.Κ., Δόξα Δράμας (δανεικός), Νέα Σαλαμίνα (δανεικός), ΠΑΣ Γιάννινα'),
(NULL, 'ΑΣΤΕΡΑΣ ΤΡΙΠΟΛΗΣ', 'ΓΙΑΝΝΗΣ ΤΣΙΩΛΗΣ', '1998-06-04', 0, 0, 'Προηγούμενες ομάδες: Αστέρας Τρίπολης Κ20'),
(NULL, 'ΑΣΤΕΡΑΣ ΤΡΙΠΟΛΗΣ', 'ΟΜΗΡΟΣ ΣΥΡΕΓΓΕΛΑΣ', '1997-07-04', 0, 0, 'Προηγούμενες ομάδες: Αστέρας Τρίπολης Κ20'),
(NULL, 'ΑΣΤΕΡΑΣ ΤΡΙΠΟΛΗΣ', 'ΜΑΤΙΑΣ ΙΓΚΛΕΣΙΑΣ', '1985-04-18', 0, 0, 'Προηγούμενες ομάδες: Ατλέτικο Μαδρίτης Β\', Τολέδο (δανεικός), Λάρισα, Ατρόμητος Αθηνών, Changchun Yatai'),
(NULL, 'ΑΣΤΕΡΑΣ ΤΡΙΠΟΛΗΣ', 'ΚΩΣΤΑΣ ΓΙΑΝΝΟΥΛΗΣ', '1987-12-09', 0, 0, 'Προηγούμενες ομάδες: Βατανιακός, Πανιώνιος, Φωστήρας (δανεικός), Πιερικός (δανεικός), Ηρακλής, Κολωνία, Ατρόμητος Αθηνών (δανεικός), Ατρόμητος Αθηνών'),
(NULL, 'ΑΣΤΕΡΑΣ ΤΡΙΠΟΛΗΣ', 'ΚΟΣΜΑΣ ΤΣΙΛΙΑΝΙΔΗΣ', '1994-05-09', 0, 0, 'Προηγούμενες ομάδες: Ηρακλής, Πόντιοι Κατερίνης, Ηρακλής, Αιγινιακός (δανεικός)'),
(NULL, 'ΑΣΤΕΡΑΣ ΤΡΙΠΟΛΗΣ', 'ΛΟΥΙΣ ΦΑΡΙΝΙΑ', '1991-04-20', 1, 0, 'Προηγούμενες ομάδες: Ράσινγκ Κλούμπ, Μπενφίκα, Μπανίας (δανεικός), Ντεπορτίβο Λα Κορούνια (δανεικός)');

INSERT INTO player(id, team_name, name, birthday, goals, is_keeper, cv) VALUES
(NULL, 'Α.Ε.Λ.', 'ΓΕΝΝΑΔΙΟΣ ΞΕΝΟΔΟΧΟΒ', '1988-05-30', 0, 1, 'Προηγούμενες ομάδες: Ο.Φ.Η., Εργοτέλης (δανεικός), Χερσόννησος (δανεικός), Θρασύβουλος, Δόξα Δράμας, Ζάκυνθος'),
(NULL, 'Α.Ε.Λ.', 'ΝΙΚΟΣ ΑΝΑΣΤΑΣΟΠΟΥΛΟΣ', '1993-02-01', 1, 0, 'Προηγούμενες ομάδες: Αστέρας Τρίπολης, Νίκη Βόλου (δανεικός), Παναχαϊκή'),
(NULL, 'Α.Ε.Λ.', 'ΜΠΟΡΙΣΛΑΒ ΓΙΟΒΑΝΟΒΙΤΣ', '1985-08-16', 1, 0, 'Προηγούμενες ομάδες: FK Srem, FK Inđija, Ergotelis'),
(NULL, 'Α.Ε.Λ.', 'ΜΑΝΩΛΗΣ ΜΟΝΙΑΚΗΣ', '1988-11-09', 0, 0, 'Προηγούμενες ομάδες: Εργοτέλης, Ο.Φ.Η., Ολυμπιακός, Κέρκυρα (δανεικός), Ο.Φ.Η.'),
(NULL, 'Α.Ε.Λ.', 'ΘΩΜΑΣ ΝΑΖΛΙΔΗΣ', '1987-10-23', 9, 0, 'Προηγούμενες ομάδες: Μακεδονικός, Καβάλα, Πλατανιάς, Βέροια'),
(NULL, 'Α.Ε.Λ.', 'ΒΑΣΙΛΗΣ ΚΟΥΤΣΙΑΝΙΚΟΥΛΗΣ', '1988-08-09', 0, 0, 'Προηγούμενες ομάδες: Ηρακλής Χάλκης, Εργοτέλης, Π.Α.Ο.Κ., Εργοτέλης, Ο.Φ.Η.'),
(NULL, 'Α.Ε.Λ.', 'ΝΤΙΕΓΚΟ ΡΕΓΕΣ', '1990-01-11', 0, 0, 'Προηγούμενες ομάδες: Real Sociedad, Platense (loan), Real Sociedad, Marathón (loan)'),
(NULL, 'Α.Ε.Λ.', 'ΝΙΚΟ ΒΑΡΕΛΑ', '1991-01-19', 1, 0, 'Προηγούμενες ομάδες: Murcia B, Murcia, Cadiz, UCAM Murcia (loan), Almeria B, Zakynthos, Botev Plovdiv'),
(NULL, 'Α.Ε.Λ.', 'ΑΝΔΡΕΑΣ ΑΒΡΑΑΜ', '1987-06-06', 2, 0, 'ροηγούμενες ομάδες: Omonia Aradippou, Apollon Limassol, AC Omonia, Anorthosis Famagusta'),
(NULL, 'Α.Ε.Λ.', 'ΛΕΛΟΓΚΟΝΟΛΟ ΜΑΣΑΛΕΣΑ', '1992-03-21', 0, 0, 'Προηγούμενες ομάδες: Platinum Stars, Bidvest Wits, Orlando Pirates'),
(NULL, 'Α.Ε.Λ.', 'ΤΕΒΕΝ ΤΙΚΟ', '1987-02-14', 0, 0, 'Προηγούμενες ομάδες: Nantes, Sedan (loan), Hibernian, Naval, Dinamo București, Belenenses, Tondela'),
(NULL, 'Α.Ε.Λ.', 'ΝΙΚΟΣ ΓΚΟΛΙΑΣ', '1993-07-29', 7, 0, 'Προηγούμενες ομάδες: Αναγέννηση Καρδίτσας, Άρης, Αναγέννηση Καρδίτσας,');

INSERT INTO player(id, team_name, name, birthday, goals, is_keeper, cv) VALUES
(NULL, 'ΛΕΒΑΔΕΙΑΚΟΣ', 'ΣΤΑΝΙΣΛΑΒ ΝΑΜΑΣΚΟ', '1986-11-10', 0, 1, 'Προηγούμενες ομάδες: FC Tiraspol, Sheriff Tiraspol, Kuban Krasnodar, Spartak Nalchik (loan), Volgar Astrakhan, Dinamo-Auto Tiraspol, AZAL'), 
(NULL, 'ΛΕΒΑΔΕΙΑΚΟΣ', 'ΘΕΟΔΩΡΟΣ ΤΡΙΠΟΤΣΕΡΗΣ', '1986-03-04', 0, 0, 'Προηγούμενες ομάδες: Παναθηναϊκός, Ανόρθωση, Λεβαδειακός, Λάρισα, Λεβαδειακός, Δόξα Δράμας, Καβάλα, Ο.Φ.Η.' ), 
(NULL, 'ΛΕΒΑΔΕΙΑΚΟΣ', 'ΟΜΠΙΟΡΑ ΝΟΥΑΝΚΟ', '1991-07-12', 5, 0, 'Προηγούμενες ομάδες: Internazionale, Parma, Gubbio (loan), Padova (loan), CFR Cluj (loan), CFR Cluj, Córdoba, Académica de Coimbra'), 
(NULL, 'ΛΕΒΑΔΕΙΑΚΟΣ', 'ΓΚΑΡΙ ΚΟΥΛΙΜΠΑΛΙ', '1986-03-30', 0, 0, 'Προηγούμενες ομάδες: SC Bastia, FC Istres, AS Monaco, Stade Laval, AC Ajaccio, Waasland-Beveren'), 
(NULL, 'ΛΕΒΑΔΕΙΑΚΟΣ', 'ΔΗΜΗΤΡΗΣ ΜΑΧΑΙΡΑΣ', '1990-08-16', 0, 0, 'Προηγούμενες ομάδες: Levadiakos U20'), 
(NULL, 'ΛΕΒΑΔΕΙΑΚΟΣ', 'ΜΑΤΘΑΙΟΣ ΛΟΥΙΣ ΚΑΨΑΣΚΗΣ', '1996-08-12', 0, 0, 'Προηγούμενες ομάδες: Λεβαδειακός Κ20'), 
(NULL, 'ΛΕΒΑΔΕΙΑΚΟΣ', 'ΖΕΖΙΝΙΟ', '1992-09-23', 3, 0, 'Προηγούμενες ομάδες: Σπορτινγκ Λισαβόνας, Ατλέτικο (δανεικός), Σπόρτινγκ Β\', Βέροια (δανεικός), ΑΕΛ Λεμεσού (δανεικός)'), 
(NULL, 'ΛΕΒΑΔΕΙΑΚΟΣ', 'ΒΑΓΓΕΛΗΣ ΜΑΝΤΖΙΟΣ', '1983-04-22', 2, 0, 'Προηγούμενες ομάδες: Πανιώνιος, Παναθηναϊκός, Άιντραχτ Φρανκφούρτης (δανεικός), Ανόρθωση (δανεικός)'), 
(NULL, 'ΛΕΒΑΔΕΙΑΚΟΣ', 'ΣΤΕΛΙΟΣ ΒΑΣΙΛΕΙΟΥ', '1991-04-29', 5, 0, 'Προηγούμενες ομάδες: Λεβαδειακός, Παναιτωλικός'), 
(NULL, 'ΛΕΒΑΔΕΙΑΚΟΣ', 'ΣΑΧΙΡ ΜΠΕΛΓΚΑΖΟΥΑΝΙ', '1986-10-06', 0, 0, 'Προηγούμενες ομάδες: Grenoble, Dynamo Kyiv, Strasbourg (loan), Neuchâtel Xamax (loan), Tours (loan), Zulte Waregem, Ajaccio'), 
(NULL, 'ΛΕΒΑΔΕΙΑΚΟΣ', 'ΙΜΠΡIΧΙΜΑ ΝΙΑΣΕ', '1988-04-18', 0, 0, 'Προηγούμενες ομάδες: Nancy B, Neuchâtel Xamax, Apollon Limassol, Inter Baku, Gabala, Mordovia Saransk, Concordia Chiajna, Delhi Dynamos');

INSERT INTO player(id, team_name, name, birthday, goals, is_keeper, cv) VALUES
(NULL, 'ΑΕΠ ΗΡΑΚΛΗΣ', 'ΣΙΛΒΑ ΧΟΥΑΝΤΕΡΣΟΝ', '1983-08-03', 0, 1, 'Προηγούμενες ομάδες: Ιράτι, Γκουαρανί, XV ντε Τζάου, Ρόμα Απουρακάνα, Ατλέτικο Γκοϊανιένσε, Φρανκάνα'),
(NULL, 'ΑΕΠ ΗΡΑΚΛΗΣ', 'ΒΑΣΙΛΗΣ ΚΑΡΑΓΚΟΥΝΗΣ', '1994-01-18', 0, 0, 'Προηγούμενες ομάδες: Ατρόμητος Αθηνών, Ουντινέζε Πριμαβέρα, Ολυμπιακός, Άρης (δανεικός), Ρετζίνα (δανεικός)'),
(NULL, 'ΑΕΠ ΗΡΑΚΛΗΣ', 'ΓΙΩΡΓΟΣ ΣΑΡΑΜΑΝΤΑΣ', '1992-01-29', 0, 0, 'Προηγούμενες ομάδες: Π.Φ.Ο Πανόπουλου, Πανηλειακός, Ηρακλής'),
(NULL, 'ΑΕΠ ΗΡΑΚΛΗΣ', 'ΛΕΩΝΙΔΑΣ ΑΡΓΥΡΟΠΟΥΛΟΣ', '1990-05-29', 0, 0, 'Προηγούμενες ομάδες: Κόρινθος ΠΑΣ, Αστέρας Τρίπολης, Πλατανιάς, Απόλλων Σμύρνης, Πανιώνιος'),
(NULL, 'ΑΕΠ ΗΡΑΚΛΗΣ', 'ΔΗΜΗΤΡΗΣ ΣΤΑΜΟΥ', '1991-04-27', 1, 0, 'Προηγούμενες ομάδες: Ηρακλής, Π.Α.Ο.Κ., Κέρκυρα (δανεικός), Ηρακλής'),
(NULL, 'ΑΕΠ ΗΡΑΚΛΗΣ', 'ΑΝΤΑΜ ΤΖΑΝΕΤΟΠΟΥΛΟΣ', '1995-02-10', 0, 0, 'Προηγούμενες ομάδες: Ολυμπιακός Κ20, Νίκη Βόλου Κ20, Α.Ε.Κ., Ηρακλής (δαν.)'),
(NULL, 'ΑΕΠ ΗΡΑΚΛΗΣ', 'ΖΟΡΖΕ ΜΟΝΤΕΪΡΟ', '1988-08-15', 1, 0, 'Προηγούμενες ομάδες: Porto B\', Porto, Ribeirão (loan), Estrela Amadora (loan), Covilhã (loan), Portimonense (loan)'),
(NULL, 'ΑΕΠ ΗΡΑΚΛΗΣ', 'ΛΕΥΤΕΡΗΣ ΙΝΤΖΟΓΛΟΥ', '1987-03-03', 0, 0, 'Προηγούμενες ομάδες: Βύζας Μεγάρων, Α.Ε.Κ., Ατρόμητος Αθηνών, Πιερικός (δανεικός), Δόξα Δράμας'),
(NULL, 'ΑΕΠ ΗΡΑΚΛΗΣ', 'ΕΜΑΝΟΥΕΛ ΠΕΡΟΝΕ', '1983-06-14', 0, 0, 'Ταγιέρες ντε Κόρδοβα, ΕΣ Τρουά ΑΚ, Ιωνικός Νικαίας, Απόλλωνας Καλαμαριάς, Ατρόμητος Αθηνών, Ανόρθωση Αμμοχώστου'),
(NULL, 'ΑΕΠ ΗΡΑΚΛΗΣ', 'ΣΑΛΕΣ ΛΕΟΖΙΝΙΟ', '1985-12-12', 4, 0, 'Προηγούμενες ομάδες: Βάσκο Ντα Γκάμα, Σπορ, Κέζε, Ολυμπιακός Πειραιώς, Άιντραχτ Μπράουνσβαιγκ (δανεικός), Ο.Φ.Η. (δανεικός), Απόλλων Καλαμαριάς'),
(NULL, 'ΑΕΠ ΗΡΑΚΛΗΣ', 'ΓΙΑΝΝΗΣ ΠΑΣΑΣ', '1990-10-07', 1, 0, 'Προηγούμενες ομάδες: Παναιτωλικός Κ20, Παναιτωλικός, Ακαρνανικός (δανεικός)'),
(NULL, 'ΑΕΠ ΗΡΑΚΛΗΣ', 'ΒΑΣΙΛΗΣ ΑΓΓΕΛΟΠΟΥΛΟΣ', '1997-02-12', 1, 0, 'Προηγούμενες ομάδες: Παναθηναϊκός Κ20, Παναθηναϊκός, Ηρακλής');


INSERT INTO player(id, team_name, name, birthday, goals, is_keeper, cv) VALUES
(NULL, 'ΒΕΡΟΙΑ', 'ΓΙΩΡΓΟΣ ΚΑΝΤΙΜΟΙΡΗΣ', '1982-09-19', 0, 1, 'Προηγούμενες ομάδες: Ιωνικός, Ρόδος (δαν.), Ρόδος, Νίκη Βόλου, Φωκικός'),
(NULL, 'ΒΕΡΟΙΑ', 'ΣΤΑΥΡΟΣ ΒΑΣΙΛΑΝΤΩΝΟΠΟΥΛΟΣ', '1992-01-28', 0, 0, 'Προηγούμενες ομάδες: Θύελλα Αιγίου, Παναιγιάλειος, Παναχαϊκή, Απόλλων Σμύρνης, Α.Ε.Κ., Βέροια (δανεικός)'),
(NULL, 'ΒΕΡΟΙΑ', 'ΜΑΡΚ ΑΣΙΓΚΜΠΑ', '1990-07-07', 0, 0, 'Προηγούμενες ομάδες: Φωκικός, Ολυμπιακός, Παναχαϊκή (δανεικός), Βέροια (δανεικός)'),
(NULL, 'ΒΕΡΟΙΑ', 'ΧΡΗΣΤΟΣ ΜΕΛΙΣΣΗΣ', '1982-12-01', 0, 0, 'Προηγούμενες ομάδες: Νάουσα, Πανσερραϊκός, Π.Α.Ο.Κ., Παναθηναϊκός, Λάρισα (δαν.), Μαριτίμο (δαν.), Λάρισα (δαν.)'),
(NULL, 'ΒΕΡΟΙΑ', 'ΣΤΕΛΙΟΣ ΗΛΙΑΔΗΣ', '1986-06-03', 0, 0, 'Προηγούμενες ομάδες: Apollon Kalamaria, P.A.O.K., Iraklis, Kerkyra, Lokomotiv Plovdiv, Panthrakikos'),
(NULL, 'ΒΕΡΟΙΑ', 'ΜΟΧΑΜΑΝΤΟΥ ΣΙΣΟΚΟ', '1988-08-08', 0, 0, 'Προηγούμενες ομάδες: Udinese, Celano (loan), Gallipoli (loan), Eupen (loan), Kilmarnock (loan), Kilmarnock, Veria'),
(NULL, 'ΒΕΡΟΙΑ', 'ΤΟΝΙ ΚΑΛΒΟ', '1987-03-28', 1, 0, 'Προηγούμενες ομάδες: Barcelona C, Barcelona B, Aris, Parma (loan), Levski Sofia, Anorthosis'),
(NULL, 'ΒΕΡΟΙΑ', 'ΑΝΤΟΝΙΟ ΤΟΜΑΣ', '1985-01-19', 0, 0, 'Προηγούμενες ομάδες: Racing B, Racing Santander, Deportivo La Coruña, Racing Santander (loan), Zaragoza, CSKA Sofia'),
(NULL, 'ΒΕΡΟΙΑ', 'ΠΑΝΤΕΛΗΣ ΚΑΠΕΤΑΝΟΣ', '1983-06-08', 6, 0, 'Προηγούμενες ομάδες: Kozani, Iraklis, Α.Ε.Κ. Athens, SKODA Xanthi'),
(NULL, 'ΒΕΡΟΙΑ', 'ΠΕΔΡΟ ΑΡΤΣΕ', '1991-11-25', 0, 0, 'Προηγούμενες ομάδες: Μπάουλμς, Βέροια, Αναγέννηση Γιαννιτσών (δανεικός), Καβάλα'),
(NULL, 'ΒΕΡΟΙΑ', 'ΚΡΙΣΤΙΑΝ ΜΙΛΙΕΒΙΤΣ', '1992-07-15', 1, 0, 'Προηγούμενες ομάδες: PAOK, Brescia, Levadiakos, Paniliakos (loan), Panegialios, Apollon Smyrni, Lamia');


INSERT INTO player(id, team_name, name, birthday, goals, is_keeper, cv) VALUES
(NULL, 'ΠΑΜΒΑΓΙΑΚΟΣ', 'ΝΙΚΟΣ ΠΑΠΑΔΟΠΟΥΛΟΣ', '1990-04-11', 0, 1, 'Προηγούμενες ομάδες: Ολυμπιακός Κ20, Ολυμπιακός, Φορτούνα Ντύσελντορφ, Πανιώνιος, Ατρόμητος Αθηνών'),
(NULL, 'ΠΑΜΒΑΓΙΑΚΟΣ', 'ΣΤΑΥΡΟΣ ΒΑΣΙΛΑΝΤΩΝΟΠΟΥΛΟΣ', '1992-01-28', 0, 0, 'Προηγούμενες ομάδες: Θύελλα Αιγίου, Παναιγιάλειος, Παναχαϊκή, Απόλλων Σμύρνης, Α.Ε.Κ., Βέροια (δανεικός)'),
(NULL, 'ΠΑΜΒΑΓΙΑΚΟΣ', 'ΙΟΡΔΑΝΗΣ ΠΑΠΑΡΓΥΡΙΟΥ', '1992-05-15', 0, 0, 'Προηγούμενες ομάδες: Odysseas Kordeliou, AO Kavala, Anagennisi Karditsas, AO Trikala'),
(NULL, 'ΠΑΜΒΑΓΙΑΚΟΣ', 'ΣΟΥΛΕΪΜΑΝ ΟΜΟ', '1985-12-15', 3, 0, 'Προηγούμενες ομάδες: FK Mogren, Pobeda Prilep, Egaleo, Ilisiakos, Panionios, Tyrnavos, A.E. Ermionida, AOK Kerkyra, Acharnaikos'),
(NULL, 'ΠΑΜΒΑΓΙΑΚΟΣ', 'ΘΑΝΑΣΗΣ ΠΑΝΤΕΛΙΑΔΗΣ', '1987-09-06', 0, 0, 'Προηγούμενες ομάδες: Πιερικός, Πανσερραϊκός, Απόλλων Σμύρνης, Αστέρας Τρίπολης, Ομόνοια, Ατρόμητοσ Αθηνών (δανεικός)'),
(NULL, 'ΠΑΜΒΑΓΙΑΚΟΣ', 'ΔΗΜΗΤΡΗΣ ΚΟΥΤΡΟΜΑΝΟΣ', '1987-02-25', 0, 0, 'Προηγούμενες ομάδες: Παναιτωλικός, Α.Ε.Κ, Θρασύβουλος (δανεικός), Εθνικός Πειραιά (δανεικός), Αναγέννηση Καρδίτσας (δανεικός)M, Παναιτωλικός'),
(NULL, 'ΠΑΜΒΑΓΙΑΚΟΣ', 'ΜΙΧΑΛΗΣ ΦΡΑΓΚΟΣ', '1990-03-20', 9, 0, 'Προηγούμενες ομάδες: Thrasyvoulos Fylis, PAS Preveza (loan), Diagoras, AS Rhodos, Paniliakos, AS Fokikos, PAS Lamia, GS Kallithea, AEL Kalloni, AE Sparti'),
(NULL, 'ΠΑΜΒΑΓΙΑΚΟΣ', 'ΑΛΕΞΑΝΔΡΟΣ ΚΑΡΑΓΙΑΝΝΗΣ', '1993-11-25', 0, 0, 'Προηγούμενες ομάδες: Πυρσός Γρεβενών, Άρης Κ20, Άρης, Χανιά'),
(NULL, 'ΠΑΜΒΑΓΙΑΚΟΣ', 'ΠΑΤΡΙΚ ΒΟΥΟ', '1987-06-25', 2, 0, 'Προηγούμενες ομάδες: Sabé Sports, Académica, Portimonense (loan), Santa Clara (loan), Covilhã (loan), AEL Limassol, Dinamo Tbilisi, Santa Clara, Atlético'),
(NULL, 'ΠΑΜΒΑΓΙΑΚΟΣ', 'ΒΑΝΤΕΡΣΟΝ ΚΟΣΤΑ ΒΙΑΝΑ', '1994-02-07', 0, 0, 'Προηγούμενες ομάδες: Olympiacos, Doxa Dramas (loan), Ajax Cape Town, Apollon Smyrni'),
(NULL, 'ΠΑΜΒΑΓΙΑΚΟΣ', 'ΝΟΕ ΑΚΟΣΤΑ ΡΙΒΕΡΑ', '1983-12-10', 1, 0, 'Προηγούμενες ομάδες: Colonia Moscardo, Atletico Madrid C\', Real Murcia, Alcala, Almeria B\', Motril, Universitatea Cluj, Ολυμπιακός Βόλου, Άρης, Λεβαδειακός');

INSERT INTO player(id, team_name, name, birthday, goals, is_keeper, cv) VALUES
(NULL, 'ΦΑΡΟΣ ΚΕΡΑΤΣΙΝΙΟΥ', 'ΙΒΑΝ ΤΣΟΒΙΤΣ', '1990-09-17', 0, 1, 'Προηγούμενες ομάδες: I. Zapresic Jgd, I. Zapresic U17, Din. Zagreb U19, NK Inter Zapresic U19, Inter Zapresic, Hrv Dragovoljac, Inter Zapresic'),
(NULL, 'ΦΑΡΟΣ ΚΕΡΑΤΣΙΝΙΟΥ', 'ΓΙΑΝΝΗΣ ΚΟΝΤΟΕΣ', '1986-05-24', 0, 0, 'Προηγούμενες ομάδες: Άγιος Δημήτριος, Αθηναϊκός, Φωστήρας, Πανιώνιος, Α.Ε.Κ., Αστέρας Τρίπολης, Ατρόμητος Αθηνών'),
(NULL, 'ΦΑΡΟΣ ΚΕΡΑΤΣΙΝΙΟΥ', 'ΜΙΧΑΛΗΣ ΚΥΡΓΙΑΣ', '1989-10-14', 1, 0, 'Προηγούμενες ομάδες: Ηλιούπολη, Απόλλων Σμύρνης, Άρης'),
(NULL, 'ΦΑΡΟΣ ΚΕΡΑΤΣΙΝΙΟΥ', 'ΓΙΩΡΓΟΣ ΝΤΑΣΙΟΣ', '1983-05-15', 0, 0, 'Προηγούμενες ομάδες: ΠΑΣ Γιάννινα, Ολυμπιακός Βόλου, Λαμία'),
(NULL, 'ΦΑΡΟΣ ΚΕΡΑΤΣΙΝΙΟΥ', 'ΜΠΑΡΤΛΟΜΙ ΜΠΑΜΠΙΑΡΖ', '1989-02-03', 2, 0, 'Προηγούμενες ομάδες: Ruch Chorzów, GKS Tychy, Ruch Chorzów, Bruk-Bet Termalica Nieciecza'),
(NULL, 'ΦΑΡΟΣ ΚΕΡΑΤΣΙΝΙΟΥ', 'ΛΙΝΕΛ ΝΤΑΡΣΙ ΚΙΤΑΜΠΑΛΑ', '1988-10-26', 0, 0, 'Προηγούμενες ομάδες: Auxerre, Dijon (loan), Lorient, Saint-Étienne, Dynamo Dresden (loan), Auxerre (loan), Sporting Charleroi, Levski Sofia, Union SG'),
(NULL, 'ΦΑΡΟΣ ΚΕΡΑΤΣΙΝΙΟΥ', 'ΕΜΜΑΝΟΥΕΛ ΚΟΝΕ', '1986-12-31', 0, 0, 'Προηγούμενες ομάδες: ΑΣΕΚ Μιμόσας, Κλουζ, Ιντερνασιονάλ Κουρτέα Άργκες (δανεικός), Σεντάν, Λεβαδειακός'),
(NULL, 'ΦΑΡΟΣ ΚΕΡΑΤΣΙΝΙΟΥ', 'ΝΤΑΡΕΝ ΜΑΑΤΣΕΝ', '1991-01-30', 0, 0, 'Προηγούμενες ομάδες: Excelsior, Ross County, FC Den Bosch, Ayia Napa, Go Ahead Eagles'),
(NULL, 'ΦΑΡΟΣ ΚΕΡΑΤΣΙΝΙΟΥ', 'ΣΑΒΒΑΣ ΣΙΑΤΡΑΒΑΝΗΣ', '1992-11-23', 3, 0, 'Προηγούμενες ομάδες: Α.Ε.Λ., Ηρακλής, Παναχαϊκη'),
(NULL, 'ΦΑΡΟΣ ΚΕΡΑΤΣΙΝΙΟΥ', 'ΧΡΗΣΤΟΣ ΑΛΜΠΑΝΗΣ', '1994-11-05', 0, 0, 'Προηγούμενες ομάδες: AO Meteora, AO Dimitra Apollon 2005, Werder Bremen U17, Werder Bremen U19, Eintracht Frankfurt II, SC Freiburg II'),
(NULL, 'ΦΑΡΟΣ ΚΕΡΑΤΣΙΝΙΟΥ', 'ΕΛΙ ΕΛΜΠΑΖ', '1992-01-21', 1, 0, 'Προηγούμενες ομάδες: Hapoel Haifa, Maccabi Ahi Nazareth (loan), Ironi Tiberias (loan), Hapoel Kfar Saba (loan)'),
(NULL, 'ΦΑΡΟΣ ΚΕΡΑΤΣΙΝΙΟΥ', 'ΝΑΣΙΡ ΜΑΑΤΣΙ', '1985-09-09', 1, 0, 'Προηγούμενες ομάδες: Utrecht, Dordrecht, Cambuur, Zwolle, AEK Larnaca, Flamurtari, Birkirkara, Pafos, Nea Salamina');



INSERT INTO coach VALUES
(NULL, 'ΜΠΕΣΝΙΚ ΧΑΣΙ', '1971-12-29', 'Καριέρα ως προπονητής:Αντερλεχτ (βοθ. Προπονητή 2008-2014), Αντερλεχτ (2014-2016), Λέγκια Βαρσοβίας (2016-2017), Ολυμπιακός (2017-)Καριέρα ως ποδοσφαιριστής:Λιρία (1988-1990), Ντιναμό Ζάγκρεμπ (1990-1991), Παντσέβο (1991-1992), Πρίστινα (1992-1993), Σάμομπορ (1993-1994), Γκενκ (1994-1997), Μόναχο 1860 (1997-1998), Γκενκ (1998-2000), Άντερλεχτ (2000-2006), Λόκερεν (2006-2007), Σερκλ Μπριζ (2007-2008)', 150, 100, 200, 'ΟΛΥΜΠΙΑΚΟΣ'),
(NULL, 'ΡΑΖΒΑΝ ΛΟΥΤΣΕΣΚΟΥ', '1969-02-17', 'Καριέρα ως προπονητής:Μπρασόφ (2003-2004), Ραπίντ Βουκουρεστίου (2004-2007), Μπρασόφ (2007-2009), Εθνική Ρουμανίας (2009-2011), Ραπίντ Βουκουρεστίου (2011-2012), Ελ Τζαΐς (2012-2014), Πετρολούλ Πλοϊέστι (2014), Skoda Ξάνθη (Σεπτ. 2014-2017), ΠΑΟΚ (2017-)Καριέρα ως παίκτης:Σπορτούλ Στούντεντεσκ (1987-1992), Κρέμα Κάλτσιο (1992-1993), Σπορτούλ Στούντεντεσκ (1993-1996), Νασιονάλ Βουκουρεστίου (1996-1997), Σπορτούλ Στούντεντεσκ (1997-1998), Νασιονάλ Βουκουρεστίου (1998-1999), Μπρασόφ (1999-2000), Ραπίντ Βουκουρεστίου (2000-2001), Μπατσάου (2001-2002), Ραπίντ Βουκουρεστίου (2002-2003)', 200, 50, 130, 'Π.Α.Ο.Κ.'),
(NULL, 'ΜΑΡΙΝΟΣ ΟΥΖΟΥΝΙΔΗΣ', '1968-10-10', 'Καριέρα ως προπονητής:Καππαδόκες Αλεξανδρούπολης (2004-2005), Ξάνθη (Βοηθός προπονητή – 2005-2006), ΑΠΟΕΛ (2006-2008), Λάρισα (2008-2010), Ηρακλής (2010-2011), Skoda Ξάνθη (2011-2012, 2012-Σεπτ.), Skoda Ξάνθη (Δεκ. 2012-2013), Πλατανιάς (2013-Νοε. 2013), Εργοτέλης (Ιαν. 2014-Μαϊ. 2014), Skoda Ξάνθη (Σεπτ. 2014), Πανιώνιος (Δεκ. 2014-2016), Παναθηναϊκός (Δεκ. 2016-) Καριέρα ως ποδοσφαιριστής:Εθνικός Αλεξανδρούπολης (1983-1986), Απόλλων Καλαμαριάς (1986-1987), Ξάνθη (1987-1992), Παναθηναϊκός (1992-1997), Χάβρη (1997-1999), Πανηλειακός (1999-2001), ΑΠΟΕΛ (2001-2003)', 210, 31, 154, 'ΠΑΝΑΘΗΝΑΪΚΟΣ');

INSERT INTO coach VALUES
(NULL, 'ΜΑΝΟΛΟ ΧΙΜΕΝΕΘ', '1964-01-26', 'Καριέρα ως προπονητής: Σεβίλλη Β\' (2000-2007), Σεβίλλη (2007-2010), ΑΕΚ (2010-Οκτ. 2011), Σαραγόσα (2011-2013), Αλ Ραγιάν (2013-2015), ΑΕΚ (Ιαν. 2017-)Καριέρα ως ποδοσφαιριστής: Σεβίλλη (1984-1997), Χαέν (1997 – 1998)', 71, 45, 104, 'Α.Ε.Κ.'),
(NULL, 'ΜΙΧΑΛΗΣ ΓΡΗΓΟΡΙΟΥ', '1973-12-19', 'Καριέρα ως προπονητής: Άγ. Δημήτριος (2003-05), Αθηναϊκός (Ιαν. 2005), Φωστήρας (2005-07), Αιολικός (2007-08), Κόρινθος (2008-09), Εθνικός Π. (2009-’10), Δόξα Δράμας (2010-11), Πανσερραϊκός (Ιαν. 2012-13), ΑΟΚ (2013-2015) Ατρόμητος Αθηνών (2015-Νοε. 2015), ΑΟΚ (2016-Απρ. 2017), Πανιώνιος (2017-)Καριέρα ως ποδοσφαιριστής: Εθνικός Π. (1989-1996), Λάρισα (1996-’97), Skoda Ξάνθη (1997-’98), Νάουσα (1998-’99), Χαϊδαρι (1999-’00), Άγ. Δημήτριος (2000-‘01)', 45, 85, 100, 'ΠΑΝΙΩΝΙΟΣ'),
(NULL, 'ΜΙΛΑΝ ΡΑΣΤΑΒΑΤΣ', '1973-11-01', 'Καριέρα ως προπονητής:Αλ-Νασρ (βοηθός προπονητή) (2000-2001), Νόβι Σαντ (νέων) (2001-2005), Σερβία (νέων 2006-2010), Εθνική Γυναικών Σερβίας Κ-19 (2010-2013), Ολίμπια Λιουμπλιάνα (βοηθός προπονητή) (2013-2014), Βοϊβοντίνα (βοηθός προπονητή) (2014), Ραντνιτσκι Νις (2014-2017), Εθνική Σερβίας Κ-23 (2015-2017), ΑΟ Ξάνθη (2017-)Καριέρα ως ποδοσφαιριστής:Βοϊβοντίνα (1990-1991), Καμπέλ Νόβι Σαντ (1991-1995), Δυναμό Πάντσεβο (1995-1996), Μλάντοστ Μπάτσκι Γιαράκ (1996-1999)', 56, 45, 89, 'SΚODA ΞΑΝΘΗΣ'),
(NULL, 'ΓΙΩΡΓΟΣ ΠΑΡΑΣΧΟΣ', '1952-08-23', 'Καριέρα ως προπονητής: Πανναυπλιακός (1992-93), Τρίκαλα (1993-1994), Αναγέννηση Καρδίτσας (1994-1995), Καβάλα (1995-1997), Ηρακλής (1997-1998), ΑΠΟΕΛ (1998), Αρης (1998-1999), Καβάλα (1999-2000), Πανηλειακός (2000), ΠΑΣ Γιάννινα (2001), Ακράτητος (2001), Ολυμπιακός Βόλου (2002), Χαλκηδόνα (2002-2005), Ατρόμητος Αθ. (2005-2007), ΠΑΟΚ (2006-2007), ΟΦΗ (2007-2008), Skoda Ξάνθη (2008-2009), ΟΦΗ (2009), Πανιώνιος (2009), ΠΑΣ Γιάννινα (2010), Πανιώνιος (2010), Skoda Ξάνθη (2011), Ηρακλής (2011), Πανιώνιος (2011) Λεβαδειακός (2011- Μαρ. 2013), Ατρόμητος Αθ. (Απρ. 2013-Σεπτ. 2014), Πλατανιάς (Μαρ. 2015-)Καριέρα ως ποδοσφαιριστήςΠΑΟΚ (1971-1973), Καστοριά (1974-1983), Απόλλων Καλαμαριάς (1983-1984)', 45, 96, 145, 'ΠΛΑΤΑΝΙΑΣ');

INSERT INTO coach VALUES
(NULL, 'ΝΤΑΜΙΡ ΚΑΝΑΝΤΙ', '1970-05-06', 'Δεν υπάρχει κάτι σημαμτικό στο βιογραφικό του', 5, 12, 26,'ΑΤΡΟΜΗΤΟΣ ΑΘΗΝΩΝ'),
(NULL, 'ΓΙΑΝΝΗΣ ΠΕΤΡΑΚΗΣ','1965-12-13', 'Καριέρα ως προπονητής: Αστέρας Περάματος (1991-92),Εργοτέλης (1992-94), Αστέρας Περάματος (1994-95), Ηρόδοτος (1997-98), ΠΑΝΟΜ (1997-2000), ΟΦΗ 94 (2000-02), ΟΦΗ (Βοηθός 2002-03), Ηρόδοτος (2003-04), Αστέρας Τρίπολης (2004-2006), Αστέρας Ρεθύμνου (2006-09), Ν. Ιωνία (2009-10), Ιωνικός-Εθν. Αστέρας (2010-11), ΑΟ Χανίων (2011-12), ΟΦΗ (2012-13), Εργοτέλης (2013-Ιαν. 2014), ΠΑΣ Γιάννινα (Ιαν. 2014-)Καριέρα ως ποδοσφαιριστής:Εργοτέλης (1978-1981), ΟΦΗ (1981-1985), Εργοτέλης (1985-1988), ΕΑΡ (1988-90), Ποσειδώνας (1990-91)', 89, 45, 120, 'ΠΑΣ ΓΙΑΝΝΙΝΑ'),
(NULL, 'ΔΗΜΗΤΡΗΣ ΕΛΕΥΘΕΡΟΠΟΥΛΟΣ', '1976-08-07', 'Προπονητική καριέρα: (2012-2013)Πανιώνιος, (2013-2014)ΑΕΚ Λάρνακας, 2015Ολυμπιακός Βόλου, (2015-2016) Πανθρακικός, 2016 Βέροια, (2016-2017) Αστέρας Τρίπολης, 2017 Α.Ο.Κ. Κέρκυρα', 56, 45, 100, 'Α.Ο.Κ. ΚΕΡΚΥΡΑ'),
(NULL, 'ΜΑΚΗΣ ΧΑΒΟΣ', '1969-09-05', 'Καριέρα ως προπονητής: Αγροτικός Αστέρας (2009-2010), ΠΑΟΚ (2010-2011), Βέρoια (2012-2013), Παναιτωλικός (2013-2015), ΑΕΛ Λεμεσού (2015-Φεβ. 2016) Αστ. Τρίπολης (Φεβ. 2016-Νοε. 2016), Παναιτωλικός (Ιαν. 2017-)Καριέρα ως ποδοσφαιριστής:Αχιλλέας Τριανδρίας (1986-1987), Ολυμπιακός (1987), Απόλλων Καλαμαριάς (1988), Τρίκαλα (1988-1989), Πανσερραϊκός (1989-1992), ΠΑΟΚ (1992-1996), Skoda Ξάνθη (1997-2000), Ακράτητος (2000-2002), Πανσερραϊκός (2003), Εθνικός Αστέρας (2003), Θρασύβουλος (2003-2005)', 96, 78, 36, 'ΠΑΝΑΙΤΩΛΙΚΟΣ');

INSERT INTO coach VALUES
(NULL, 'ΣΤΑΪΚΟΣ ΒΕΡΓΕΤΗΣ', '1976-07-11', 'Καριέρα ως προπονητής: Παγγορτυνιακός (2003-2004), Αστέρας Τρίπολης (Βοηθ. Προπ. 2006-2013), Αστέρας Τρίπολης (2013-Ιαν. 2016), Νέα Σαλαμίνα (2016- Μαρ. 2017), Αστέρας Τρίπολης (Μαρ. 2017-) Καριέρα ως ποδοσφαιριστής:ΑΕ Τρίπολης (1991-1993), ΑΕΚ Τρίπολης (1993-2001), Παγγορτυνιακός (2001-2004), Νεστάνη (2004-2006), Ορχομενός Λεβιδίου (2006-2008)', 56, 78, 120, 'ΑΣΤΕΡΑΣ ΤΡΙΠΟΛΗΣ'),
(NULL, 'ΑΝΤΡΕ ΠΑΟΥΣ', '1965-10-09', 'Τίποτα αξιόλογο μέχρι στιγμής', 25, 54, 54, 'Α.Ε.Λ.'),
(NULL, 'ΖΟΖΕ ΑΝΙΓΚΟ', '1961-04-15', 'Τίποτα αξιόλογο μέχρι στιγμής', 10, 5, 2, 'ΛΕΒΑΔΕΙΑΚΟΣ'),
(NULL, 'ΣΑΒΒΑΣ ΠΑΝΤΕΛΙΔΗΣ', '1965-04-07', 'Καριέρα ως προπονητής: Θρασύβουλος (2005-2007), Φωστήρας (2008), Καλλιθέα (2009), Τρίκαλα (2009), Εθνικός (2010-2011), Πανθρακικός (2011-2012), Ολυμπιακός Βόλου (2013), ΠΑΣ Γιάννινα (2013-Οκτ. 2013), Λεβαδειακός (Φεβ. 2014- Φεβ. 2015), Ηρακλής (Νοε. 2016-)Καριέρα ως ποδοσφαιριστήςΆρης Νίκαιας (1988-1990) Δόξα Βύρωνα (1991-1997) Προοδευτική (1997-2003)', 45, 45, 20, 'ΑΕΠ ΗΡΑΚΛΗΣ'),
(NULL, 'ΡΑΤΚΟ ΝΤΟΣΤΑΝΙΤΣ', '1959-10-25', 'Τίποτα', 0, 0, 0, 'ΒΕΡΟΙΑ'),
(NULL, 'ΚΩΣΤΑΣ ΖΑΓΑΡΙΤΗΣ', '1965-10-22', 'Τίποτα', 12, 45, 10,'ΠΑΜΒΑΓΙΑΚΟΣ'),
(NULL, 'ΣΑΒΒΑΣ ΣΥΜΕΩΝΙΔΗΣ', '1967-10-21', 'Επαγγελματίας από τους λίγους', 12, 36, 45, 'ΦΑΡΟΣ ΚΕΡΑΤΣΙΝΙΟΥ'),
(NULL, 'ΖΟΖΕ ΜΟΥΡΙΝΙΟ', '1963-01-26', 'Είναι Πορτογάλος προπονητής ποδοσφαίρου, πρώην ποδοσφαιριστής και θεωρείται από πολλούς απ\'τους καλύτερους προπονητές στην ιστορία του ποδοσφαίρου με πολλές διακρίσεις και τίτλους.' , 130, 50, 70, 'ΠΑΝΑΘΗΝΑΪΚΟΣ'),
(NULL, 'ΝΤΙΕΓΚΟ ΣΙΜΕΟΝΕ', '1970-04-28', 'is an Argentine football manager and former player, who played as a midfielder. He is currently the manager of Spanish club Atlético Madrid in the La Liga.', 120, 41, 56,  'ΠΑΜΒΑΓΙΑΚΟΣ'),
(NULL, 'ΟΤΟ ΡΕΧΑΓΚΕΛ', '1938-08-09', 'Διακεκριμένος προπονητής ποδοσφαίρου και παλαίμαχος ποδοσφαιριστής,αγωνίστηκε για λογαριασμό της Χέρτα Βερολίνου (1963-1965) και της Καϊζερσλάουτερν (1966-1972). Στη διάρκεια της καριέρας του, έπαιξε συνολικά σε 201 αγώνες της Bundesliga.', 98, 43, 12, NULL),
(NULL, 'ΑΛΕΞ ΦΕΡΓΚΙΟΥΣΟΝ', '1941-12-31', 'Είναι πρώην ποδοσφαιριστής και ένας από τους πιο πετυχημένους προπονητές ποδοσφαίρου. Έχει συνδεθεί όσο κανείς με την Μάντσεστερ Γιουνάιτεντ στην οποία είναι προπονητής από το 1986 και έχει κατακτήσει περισσότερα τρόπαια από οποιονδήποτε άλλο προπονητή στην ιστορία του αγγλικού ποδοσφαίρου.', 96, 23, 56, NULL);

INSERT INTO coach_history VALUES
(1, 'ΒΕΡΟΙΑ'),
(1, 'ΑΕΠ ΗΡΑΚΛΗΣ'),
(2, 'ΛΕΒΑΔΕΙΑΚΟΣ'),
(3,'Α.Ο.Κ. ΚΕΡΚΥΡΑ'),
(4, 'ΠΑΝΑΘΗΝΑΪΚΟΣ'),
(6, 'ΟΛΥΜΠΙΑΚΟΣ'),
(5, 'ΦΑΡΟΣ ΚΕΡΑΤΣΙΝΙΟΥ');

INSERT INTO owner(team_name, name, birthday) VALUES
('ΟΛΥΜΠΙΑΚΟΣ', 'ΒΑΓΓΕΛΗΣ ΜΑΡΙΝΑΚΗΣ', '1967-07-30'),
('Π.Α.Ο.Κ.', 'ΙΩΑΝΝΗΣ ΣΑΒΒΙΔΗΣ', '1959-03-27'),
('ΠΑΝΑΘΗΝΑΪΚΟΣ', 'ΕΜΜΑΝΟΥΗΛ ΜΑΥΡΟΚΟΥΚΟΥΛΑΚΗΣ', '1957-07-02'), 
('Α.Ε.Κ.', 'ΕΥΑΓΓΕΛΟΣ ΑΣΛΑΝΙΔΗΣ', '1951-01-01'),
('ΠΑΝΙΩΝΙΟΣ', 'ΧΡΗΣΤΟΣ ΔΑΡΑΣ', '1964-08-08'),
('SΚODA ΞΑΝΘΗΣ', 'ΑΡΙΣΤΕΙΔΗΣ ΠΙΑΛΟΓΛΟΥ', '1969-09-17'),
('ΠΛΑΤΑΝΙΑΣ', 'ΕΜΜΑΝΟΥΗΛ ΜΑΘΙΟΥΛΑΚΗΣ', '1972-06-10'),
('ΑΤΡΟΜΗΤΟΣ ΑΘΗΝΩΝ', 'ΓΙΩΡΓΟΣ ΣΠΑΝΟΣ', '1964-03-20'),
('ΠΑΣ ΓΙΑΝΝΙΝΑ', 'ΓΕΩΡΓΙΟΣ ΧΡΙΣΤΟΒΑΣΙΛΗΣ', '1974-04-21'),
('Α.Ο.Κ. ΚΕΡΚΥΡΑ', 'ΓΕΩΡΓΙΟΣ ΖΑΡΚΑΔΑΣ', '1959-05-12'),
('ΠΑΝΑΙΤΩΛΙΚΟΣ', 'ΓΕΡΑΣΙΜΟΣ ΜΠΕΛΕΒΩΝΗΣ', '1956-06-24'),
('ΑΣΤΕΡΑΣ ΤΡΙΠΟΛΗΣ', 'ΓΙΩΡΓΟΣ ΜΠΟΡΟΒΗΛΟΣ', '1970-01-12'),
('Α.Ε.Λ.', 'ΑΝΔΡΕΑΣ ΛΙΟΝΤΟΣ', '1967-07-12'),
('ΛΕΒΑΔΕΙΑΚΟΣ', 'ΚΩΝΣΤΑΝΤΙΝΟΣ ΚΟΛΟΚΥΘΑΣ', '1964-05-01'),
('ΑΕΠ ΗΡΑΚΛΗΣ', 'ΓΙΩΡΓΟΣ ΔΡΙΤΣΑΣ', '1998-08-10'),
('ΒΕΡΟΙΑ', 'ΝΙΚΟΣ ΖΑΧΑΡΟΠΟΥΛΟΣ', '1996-05-01'),
('ΠΑΜΒΑΓΙΑΚΟΣ', 'ΣΤΑΥΡΟΥΛΑ ΔΡΙΤΣΑ', '1996-03-20'),
('ΦΑΡΟΣ ΚΕΡΑΤΣΙΝΙΟΥ', 'ΔΑΜΙΑΝΟΣ ΝΤΟΥΜΗ ΣΙΓΑΛΑΣ', '1996-07-12');



INSERT INTO owner_alias(team_name, owner_name, alias) VALUES
('ΟΛΥΜΠΙΑΚΟΣ', 'ΒΑΓΓΕΛΗΣ ΜΑΡΙΝΑΚΗΣ', 'ΓΑΥΡΟΣ'),
('ΟΛΥΜΠΙΑΚΟΣ', 'ΒΑΓΓΕΛΗΣ ΜΑΡΙΝΑΚΗΣ', 'NOOR 1'),
('Π.Α.Ο.Κ.', 'ΙΩΑΝΝΗΣ ΣΑΒΒΙΔΗΣ', 'ΡΩΣΙΚΗ ΜΑΦΙΑ'),
('Π.Α.Ο.Κ.', 'ΙΩΑΝΝΗΣ ΣΑΒΒΙΔΗΣ', 'ΑΠΟΤΥΧΗΜΕΝΟΣ ΚΑΝΑΛΑΡΧΗΣ'),
('ΠΑΝΑΘΗΝΑΪΚΟΣ', 'ΕΜΜΑΝΟΥΗΛ ΜΑΥΡΟΚΟΥΚΟΥΛΑΚΗΣ', 'ΒΑΖΕΛΟΣ'), 
('Α.Ε.Κ.', 'ΕΥΑΓΓΕΛΟΣ ΑΣΛΑΝΙΔΗΣ', 'ΧΑΝΟΥΜΙΣΑ'),
('ΠΑΝΙΩΝΙΟΣ', 'ΧΡΗΣΤΟΣ ΔΑΡΑΣ', 'ΑΛΑΝΙ'),
('SΚODA ΞΑΝΘΗΣ', 'ΑΡΙΣΤΕΙΔΗΣ ΠΙΑΛΟΓΛΟΥ', '3-5 ΠΗΓΑΔΙΑ'),
('SΚODA ΞΑΝΘΗΣ', 'ΑΡΙΣΤΕΙΔΗΣ ΠΙΑΛΟΓΛΟΥ', 'ΣΟΥΤΖΟΥΚΙ'),
('ΠΛΑΤΑΝΙΑΣ', 'ΕΜΜΑΝΟΥΗΛ ΜΑΘΙΟΥΛΑΚΗΣ', 'ΖΩΝΙΑΝΙΑ'),
('ΠΛΑΤΑΝΙΑΣ', 'ΕΜΜΑΝΟΥΗΛ ΜΑΘΙΟΥΛΑΚΗΣ', 'ΨΗΛΟΡΙΤΗΣ'),
('ΑΤΡΟΜΗΤΟΣ ΑΘΗΝΩΝ', 'ΓΙΩΡΓΟΣ ΣΠΑΝΟΣ', 'ΑΤΡΟΜΗΤΟΣ'),
('ΠΑΣ ΓΙΑΝΝΙΝΑ', 'ΓΕΩΡΓΙΟΣ ΧΡΙΣΤΟΒΑΣΙΛΗΣ', 'ΚΥΡΑ ΦΡΟΣΥΝΗ'),
('Α.Ο.Κ. ΚΕΡΚΥΡΑ', 'ΓΕΩΡΓΙΟΣ ΖΑΡΚΑΔΑΣ', 'ΝΗΣΙΩΤΗΣ'),
('ΠΑΝΑΙΤΩΛΙΚΟΣ', 'ΓΕΡΑΣΙΜΟΣ ΜΠΕΛΕΒΩΝΗΣ', 'ΕΠΙΧΕΙΡΗΜΑΤΙΑΣ'),
('ΑΣΤΕΡΑΣ ΤΡΙΠΟΛΗΣ', 'ΓΙΩΡΓΟΣ ΜΠΟΡΟΒΗΛΟΣ', 'ΚΟΛΟΚΟΤΡΩΝΗΣ'),
('Α.Ε.Λ.', 'ΑΝΔΡΕΑΣ ΛΙΟΝΤΟΣ', 'ΑΛΟΓΑΚΙ'),
('ΛΕΒΑΔΕΙΑΚΟΣ', 'ΚΩΝΣΤΑΝΤΙΝΟΣ ΚΟΛΟΚΥΘΑΣ', 'ΒΛΑΧΟΣ'),
('ΛΕΒΑΔΕΙΑΚΟΣ', 'ΚΩΝΣΤΑΝΤΙΝΟΣ ΚΟΛΟΚΥΘΑΣ', 'ΤΟ ΤΣΙΡΑΚΙ ΤΟΥ ΚΟΜΠΟΤΗ'),
('ΑΕΠ ΗΡΑΚΛΗΣ', 'ΓΙΩΡΓΟΣ ΔΡΙΤΣΑΣ', 'ΑΝΤΩΝΗΣ ΡΕΜΟΣ'),
('ΒΕΡΟΙΑ', 'ΝΙΚΟΣ ΖΑΧΑΡΟΠΟΥΛΟΣ', 'ΕΜΠΡΙΣΤΗΣ'),
('ΠΑΜΒΑΓΙΑΚΟΣ', 'ΣΤΑΥΡΟΥΛΑ ΔΡΙΤΣΑ', 'ΜΑΤΣΟΥΚΗ'),
('ΦΑΡΟΣ ΚΕΡΑΤΣΙΝΙΟΥ', 'ΔΑΜΙΑΝΟΣ ΝΤΟΥΜΗ ΣΙΓΑΛΑΣ', 'ΠΡΟΓΡΑΜΜΑΤΙΣΤΗΣ'),
('ΦΑΡΟΣ ΚΕΡΑΤΣΙΝΙΟΥ', 'ΔΑΜΙΑΝΟΣ ΝΤΟΥΜΗ ΣΙΓΑΛΑΣ', 'ΔΑΜΟΣ');



INSERT INTO fan VALUES
(NULL, 'ΚΑΤΕΡΙΝΑ ΣΑΟΥΛΙΔΟΥ', '1996-01-24', 'Α.Ε.Κ.'),
(NULL, 'ΝΙΚΟΛΕΤΤΑ ΣΚΛΑΒΕΝΙΤΗ', '1996-03-29', 'ΟΛΥΜΠΙΑΚΟΣ'),
(NULL, 'ΑΓΓΕΛΙΚΗ ΒΟΚΑΛΗ', '1967-10-21', 'Α.Ε.Λ.'),
(NULL, 'ΓΙΑΝΝΗΣ ΔΡΙΤΣΑΣ', '1965-10-22', 'ΠΑΝΑΘΗΝΑΪΚΟΣ'),
(NULL, 'ΕΙΡΗΝΗ ΣΙΓΑΛΑ', '1956-06-24', 'ΦΑΡΟΣ ΚΕΡΑΤΣΙΝΙΟΥ'),
(NULL, 'ΣΤΕΦΑΝΙΑ ΣΚΛΑΒΕΝΙΤΗ', '1993-02-26', 'ΠΛΑΤΑΝΙΑΣ'),
(NULL, 'ΣΤΑΘΗΣ ΣΚΛΑΒΕΝΙΤΗΣ', '1962-03-18', 'ΟΛΥΜΠΙΑΚΟΣ'),
(NULL, 'ΈΛΙΣΑΒΕΤ ΜΙΧΑΗΛΟΥ', '1996-09-05', 'ΠΑΣ ΓΙΑΝΝΙΝΑ'),
(NULL, 'ΜΑΡΓΑΡΙΤΑ ΜΙΧΑΛΟΠΟΥΛΟΥ', '1996-11-04', 'SΚODA ΞΑΝΘΗΣ'),
(NULL, 'ΒΑΣΙΑ ΛΙΟΥΔΑΚΗ', '1996-10-26', 'ΠΑΣ ΓΙΑΝΝΙΝΑ');


INSERT INTO fan_admires VALUES
(1,53),
(1,3),
(2,1),
(3,163),
(3,189),
(4,35),
(5,223),
(6,93),
(7,35),
(8,116);

INSERT INTO season_ticket VALUES
(NULL, 1, 'Α.Ε.Κ.'),
(NULL, 2, 'ΟΛΥΜΠΙΑΚΟΣ'),
(NULL, 7, 'ΟΛΥΜΠΙΑΚΟΣ'),
(NULL, 8, 'ΠΑΣ ΓΙΑΝΝΙΝΑ'),
(NULL, 10, 'ΠΑΣ ΓΙΑΝΝΙΝΑ');

INSERT INTO referee VALUES
(NULL, 'ΑΙΚΑΤΕΡΙΝΗ ΣΑΟΥΛΙΔΟΥ', '1996-01-24'),
(NULL, 'ΒΑΣΙΛΙΚΗ ΔΗΜΗΤΡΑ ΛΙΟΥΔΑΚΗ', '1996-05-05'),
(NULL, 'ΝΤΑΛΙΑ ΧΑΤΖΗΑΛΕΞΑΝΔΡΟΥ', '1969-01-03'),
(NULL, 'ΤΟΝΙΑ ΨΑΡΡΟΥ', '1996-03-04'),
(NULL, 'ΑΝΝΑ ΔΗΜΗΤΡΙΟΥ', '1996-08-12'),
(NULL, 'ΝΙΚΟΛΑΟΣ ΖΑΧΑΡΟΠΟΥΛΟΣ', '1996-05-01'),
(NULL, 'ΣΠΥΡΟΣ ΣΟΥΛΗΣ', '1973-10-16'),
(NULL, 'ΕΚΤΟΡΑΣ ΜΠΟΤΡΙΝΙ', '1986-04-21'),
(NULL, 'ΕΛΕΝΗ ΜΕΝΕΓΑΚΗ', '1967-10-29'),
(NULL, 'ΓΙΩΡΓΟΣ ΚΑΠΟΥΤΖΙΔΗΣ', '1972-07-31'),
(NULL, 'TIM COOK', '1960-11-01'),
(NULL, 'ELLEN DE GENERES', '1958-01-26'),
(NULL, 'ΧΟΣΕ ΝΤΕ ΟΥΡΟΥΓΟΥΑΪ', '1980-01-09');

INSERT INTO arbitration VALUES
(1,2,3,4,5),
(2,3,4,5,6),
(3,4,5,6,7),
(4,5,6,7,8),
(5,6,7,8,9),
(6,7,8,9,10),
(7,8,9,10,11),
(8,9,10,11,12),
(9,10,11,12,13);

INSERT INTO game(game_date, stadium_name, team_host, team_guest, score_host, score_guest, result, referee, ref1, ref2, fourth, observer, description) VALUES
('2017-01-04 19:30:00', 'ΣΤΑΔΙΟ Γ. ΚΑΡΑΙΣΚΑΚΗΣ', 'ΟΛΥΜΠΙΑΚΟΣ', 'ΑΣΤΕΡΑΣ ΤΡΙΠΟΛΗΣ', 2, 1, 'win', 1, 2, 3, 4, 5, '54\' Κ. ΦΟΡΤΟΥΝΗΣ,  27\' Π. ΜΑΣΑ,  90+3\' Μ. ΜΑΡΙΝ'),
('2017-01-08 19:30:00', 'ΞΑΝΘΗ ARENA', 'SΚODA ΞΑΝΘΗΣ', 'ΟΛΥΜΠΙΑΚΟΣ', 0, 2, 'defeat', 2, 3, 4, 5, 6, 'πασα στο 43, γκολ στο 59, ασιστ στο 73'),
('2016-09-11 20:30:00', 'ΣΤΑΔΙΟ Γ. ΚΑΡΑΙΣΚΑΚΗΣ', 'ΟΛΥΜΠΙΑΚΟΣ', 'ΒΕΡΟΙΑ', 6, 1, 'win', 3, 4, 5, 6, 7, 'τρυπιο τερμα'),
('2017-01-15 17:15:00', 'ΔΗΜΟΤΙΚΟ ΓΗΠΕΔΟ ΠΕΡΙΒΟΛΙΩΝ', 'ΠΛΑΤΑΝΙΑΣ', 'Α.Ε.Λ.', 3, 2, 'win', 5,6,7,8,9, 'μεγάλη κατοχή της μπάλας για τον Πλατανιά'),
('2016-09-25 20:30:00', 'AEL FC ARENA', 'Α.Ε.Λ.', 'ΟΛΥΜΠΙΑΚΟΣ', 1, 0, 'win', 6,7,8,9,10, 'Τυχερή η Λάρισα, μεγαλύτερη κατοχή για τον Ολυμπιακό'),
('2016-10-17 19:30:00', 'AEL FC ARENA', 'Α.Ε.Λ.', 'Α.Ε.Κ.', 1, 2, 'defeat', 1,2,3,4,5, 'Ένα πολύ δυνατό Ντέρμπι'),
('2016-09-10 20:30:00', 'ΔΗΜΟΤΙΚΟ ΣΤΑΔΙΟ ΛΙΒΑΔΕΙΑΣ', 'ΛΕΒΑΔΕΙΑΚΟΣ', 'ΠΑΝΑΘΗΝΑΪΚΟΣ', 0, 3, 'defeat', 2,3,4,5,6, 'πολύ καλύτερος μέσα στο γήπεδο ο ΠΑΝΑΘΗΝΑΪΚΟΣ'),
('2016-09-18 16:00:00','ΑΠΟΣΤΟΛΟΣ ΝΙΚΟΛΑΙΔΗΣ', 'ΠΑΝΑΘΗΝΑΪΚΟΣ','ΠΑΣ ΓΙΑΝΝΙΝΑ', 4, 0, 'win', 3,4,5,6,7, 'Σε πολύ άσχημη μέρα η ομάδα των Ιωαννίνων'),
('2017-03-19 19:30:00','ΑΠΟΣΤΟΛΟΣ ΝΙΚΟΛΑΙΔΗΣ', 'ΠΑΝΑΘΗΝΑΪΚΟΣ', 'ΟΛΥΜΠΙΑΚΟΣ', 1, 0, 'win', 8,9,10,11,12, 'Αδιάφορο το Ντέρμπι των αιωνίων αντιπάλων, κυριάρχησε ο χουλιγκανισμός'),
('2016-09-17 17:00:00', 'ΟΑΚΑ', 'ΦΑΡΟΣ ΚΕΡΑΤΣΙΝΙΟΥ', 'ΟΛΥΜΠΙΑΚΟΣ', 3, 2, 'win', 2,3,4,5,6, 'πολύ΄δυνατός αγώνας'),
('2017-03-19 18:30:00', 'ΟΑΚΑ', 'ΦΑΡΟΣ ΚΕΡΑΤΣΙΝΙΟΥ', 'ΠΑΜΒΑΓΙΑΚΟΣ', 1, 1, 'tie', 1,2,3,4,5, 'Μεγάλη κατοχή της μπάλας για τον Παμβαγιακό, υπεροχή του Φάρου στο δεύτερο ημίχρονο'),
('2017-01-05 15:00:00', 'ΓΗΠΕΔΟ ΠΑΝΙΩΝΙΟΥ', 'ΠΑΝΙΩΝΙΟΣ', 'ΠΑΣ ΓΙΑΝΝΙΝΑ', 1, 1, 'tie', 1,2,3,4,5, 'Αδιάφορο ματς'),
('2016-09-10 18:15:00', 'ΓΗΠΕΔΟ ΠΑΝΙΩΝΙΟΥ', 'ΠΑΝΙΩΝΙΟΣ','ΑΣΤΕΡΑΣ ΤΡΙΠΟΛΗΣ', 3, 0, 'win', 9,10,11,12,13, 'Υπεροχή για τον Πανιώνιο'),
('2017-03-05 19:30:00', 'ΓΗΠΕΔΟ ΤΟΥΜΠΑΣ', 'Π.Α.Ο.Κ.', 'ΟΛΥΜΠΙΑΚΟΣ', 2, 0, 'win', 9,10,11,12,13, 'Επικράτηση για τον δικέφαλο σε αυτό το καταπληκτικό Ντέρμπι'),
('2016-12-04 19:30:00', 'ΑΠΟΣΤΟΛΟΣ ΝΙΚΟΛΑΙΔΗΣ', 'ΠΑΝΑΘΗΝΑΪΚΟΣ', 'Π.Α.Ο.Κ.', 1, 0, 'win', 8,9,10,11,12, 'Ένα ματς χωρίς μεγάλες ευκαιρίες');


INSERT INTO ticket(game_date, stadium_name, id, fan_id) VALUES
('2017-01-04 19:30:00', 'ΣΤΑΔΙΟ Γ. ΚΑΡΑΙΣΚΑΚΗΣ', NULL, 1),
('2017-01-04 19:30:00', 'ΣΤΑΔΙΟ Γ. ΚΑΡΑΙΣΚΑΚΗΣ', NULL, 2),
('2017-01-04 19:30:00', 'ΣΤΑΔΙΟ Γ. ΚΑΡΑΙΣΚΑΚΗΣ', NULL, 3),
('2017-01-04 19:30:00', 'ΣΤΑΔΙΟ Γ. ΚΑΡΑΙΣΚΑΚΗΣ', NULL, 4),
('2017-01-04 19:30:00', 'ΣΤΑΔΙΟ Γ. ΚΑΡΑΙΣΚΑΚΗΣ', NULL, 5),
('2017-01-04 19:30:00', 'ΣΤΑΔΙΟ Γ. ΚΑΡΑΙΣΚΑΚΗΣ', NULL, 6),
('2017-01-04 19:30:00', 'ΣΤΑΔΙΟ Γ. ΚΑΡΑΙΣΚΑΚΗΣ', NULL, 7),
('2017-01-04 19:30:00', 'ΣΤΑΔΙΟ Γ. ΚΑΡΑΙΣΚΑΚΗΣ', NULL, 8),
('2017-01-08 19:30:00', 'ΞΑΝΘΗ ARENA', NULL, 1),
('2017-01-08 19:30:00', 'ΞΑΝΘΗ ARENA', NULL, 2),
('2017-01-08 19:30:00', 'ΞΑΝΘΗ ARENA', NULL, 3),
('2017-01-08 19:30:00', 'ΞΑΝΘΗ ARENA', NULL, 4),
('2017-01-08 19:30:00', 'ΞΑΝΘΗ ARENA', NULL, 5),
('2017-01-08 19:30:00', 'ΞΑΝΘΗ ARENA', NULL, 6),
('2017-01-08 19:30:00', 'ΞΑΝΘΗ ARENA', NULL, 7),
('2016-09-11 20:30:00', 'ΣΤΑΔΙΟ Γ. ΚΑΡΑΙΣΚΑΚΗΣ', NULL,1),
('2016-09-11 20:30:00', 'ΣΤΑΔΙΟ Γ. ΚΑΡΑΙΣΚΑΚΗΣ', NULL,2),
('2016-09-11 20:30:00', 'ΣΤΑΔΙΟ Γ. ΚΑΡΑΙΣΚΑΚΗΣ', NULL,3),
('2016-09-11 20:30:00', 'ΣΤΑΔΙΟ Γ. ΚΑΡΑΙΣΚΑΚΗΣ', NULL,4),
('2016-09-11 20:30:00', 'ΣΤΑΔΙΟ Γ. ΚΑΡΑΙΣΚΑΚΗΣ', NULL,5),
('2016-09-11 20:30:00', 'ΣΤΑΔΙΟ Γ. ΚΑΡΑΙΣΚΑΚΗΣ', NULL,6),
('2016-09-11 20:30:00', 'ΣΤΑΔΙΟ Γ. ΚΑΡΑΙΣΚΑΚΗΣ', NULL,7),
('2016-09-11 20:30:00', 'ΣΤΑΔΙΟ Γ. ΚΑΡΑΙΣΚΑΚΗΣ', NULL,8),
('2017-01-15 17:15:00', 'ΔΗΜΟΤΙΚΟ ΓΗΠΕΔΟ ΠΕΡΙΒΟΛΙΩΝ', NULL,1),
('2017-01-15 17:15:00', 'ΔΗΜΟΤΙΚΟ ΓΗΠΕΔΟ ΠΕΡΙΒΟΛΙΩΝ', NULL,2),
('2017-01-15 17:15:00', 'ΔΗΜΟΤΙΚΟ ΓΗΠΕΔΟ ΠΕΡΙΒΟΛΙΩΝ', NULL,3),
('2017-01-15 17:15:00', 'ΔΗΜΟΤΙΚΟ ΓΗΠΕΔΟ ΠΕΡΙΒΟΛΙΩΝ', NULL,4),
('2017-01-15 17:15:00', 'ΔΗΜΟΤΙΚΟ ΓΗΠΕΔΟ ΠΕΡΙΒΟΛΙΩΝ', NULL,5),
('2017-01-15 17:15:00', 'ΔΗΜΟΤΙΚΟ ΓΗΠΕΔΟ ΠΕΡΙΒΟΛΙΩΝ', NULL,6),
('2017-01-15 17:15:00', 'ΔΗΜΟΤΙΚΟ ΓΗΠΕΔΟ ΠΕΡΙΒΟΛΙΩΝ', NULL,7),
('2017-01-15 17:15:00', 'ΔΗΜΟΤΙΚΟ ΓΗΠΕΔΟ ΠΕΡΙΒΟΛΙΩΝ', NULL,8),
('2016-09-25 20:30:00', 'AEL FC ARENA', NULL,1),
('2016-09-25 20:30:00', 'AEL FC ARENA', NULL,2),
('2016-09-25 20:30:00', 'AEL FC ARENA', NULL,3),
('2016-09-25 20:30:00', 'AEL FC ARENA', NULL,4),
('2016-09-25 20:30:00', 'AEL FC ARENA', NULL,5),
('2016-10-17 19:30:00', 'AEL FC ARENA', NULL,6),
('2016-10-17 19:30:00', 'AEL FC ARENA', NULL,7),
('2016-09-10 20:30:00', 'ΔΗΜΟΤΙΚΟ ΣΤΑΔΙΟ ΛΙΒΑΔΕΙΑΣ',NULL,1),
('2016-09-10 20:30:00', 'ΔΗΜΟΤΙΚΟ ΣΤΑΔΙΟ ΛΙΒΑΔΕΙΑΣ',NULL,2),
('2016-09-10 20:30:00', 'ΔΗΜΟΤΙΚΟ ΣΤΑΔΙΟ ΛΙΒΑΔΕΙΑΣ',NULL,3),
('2016-09-10 20:30:00', 'ΔΗΜΟΤΙΚΟ ΣΤΑΔΙΟ ΛΙΒΑΔΕΙΑΣ',NULL,4),
('2016-09-10 20:30:00', 'ΔΗΜΟΤΙΚΟ ΣΤΑΔΙΟ ΛΙΒΑΔΕΙΑΣ',NULL,5),
('2016-09-10 20:30:00', 'ΔΗΜΟΤΙΚΟ ΣΤΑΔΙΟ ΛΙΒΑΔΕΙΑΣ',NULL,6),
('2016-09-10 20:30:00', 'ΔΗΜΟΤΙΚΟ ΣΤΑΔΙΟ ΛΙΒΑΔΕΙΑΣ',NULL,7),
('2016-09-10 20:30:00', 'ΔΗΜΟΤΙΚΟ ΣΤΑΔΙΟ ΛΙΒΑΔΕΙΑΣ',NULL,8),
('2016-09-18 16:00:00','ΑΠΟΣΤΟΛΟΣ ΝΙΚΟΛΑΙΔΗΣ', NULL,1),
('2016-09-18 16:00:00','ΑΠΟΣΤΟΛΟΣ ΝΙΚΟΛΑΙΔΗΣ', NULL,2),
('2016-09-18 16:00:00','ΑΠΟΣΤΟΛΟΣ ΝΙΚΟΛΑΙΔΗΣ', NULL,3),
('2016-09-18 16:00:00','ΑΠΟΣΤΟΛΟΣ ΝΙΚΟΛΑΙΔΗΣ', NULL,4),
('2016-09-18 16:00:00','ΑΠΟΣΤΟΛΟΣ ΝΙΚΟΛΑΙΔΗΣ', NULL,5),
('2016-09-18 16:00:00','ΑΠΟΣΤΟΛΟΣ ΝΙΚΟΛΑΙΔΗΣ', NULL,6),
('2017-03-19 19:30:00','ΑΠΟΣΤΟΛΟΣ ΝΙΚΟΛΑΙΔΗΣ', NULL,7),
('2017-03-19 19:30:00','ΑΠΟΣΤΟΛΟΣ ΝΙΚΟΛΑΙΔΗΣ', NULL,8),
('2017-03-19 19:30:00','ΑΠΟΣΤΟΛΟΣ ΝΙΚΟΛΑΙΔΗΣ', NULL,1),
('2017-03-19 19:30:00','ΑΠΟΣΤΟΛΟΣ ΝΙΚΟΛΑΙΔΗΣ', NULL,2),
('2017-03-19 19:30:00','ΑΠΟΣΤΟΛΟΣ ΝΙΚΟΛΑΙΔΗΣ', NULL,3),
('2017-03-19 19:30:00','ΑΠΟΣΤΟΛΟΣ ΝΙΚΟΛΑΙΔΗΣ', NULL,4),
('2017-03-19 19:30:00','ΑΠΟΣΤΟΛΟΣ ΝΙΚΟΛΑΙΔΗΣ', NULL,5),
('2016-09-17 17:00:00', 'ΟΑΚΑ', NULL,1),
('2016-09-17 17:00:00', 'ΟΑΚΑ', NULL,2),
('2016-09-17 17:00:00', 'ΟΑΚΑ', NULL,3),
('2016-09-17 17:00:00', 'ΟΑΚΑ', NULL,4),
('2016-09-17 17:00:00', 'ΟΑΚΑ', NULL,5),
('2016-09-17 17:00:00', 'ΟΑΚΑ', NULL,6),
('2016-09-17 17:00:00', 'ΟΑΚΑ', NULL,7),
('2016-09-17 17:00:00', 'ΟΑΚΑ', NULL,8),
('2017-03-19 18:30:00', 'ΟΑΚΑ', NULL,1),
('2017-03-19 18:30:00', 'ΟΑΚΑ', NULL,2),
('2017-03-19 18:30:00', 'ΟΑΚΑ', NULL,3),
('2017-01-05 15:00:00', 'ΓΗΠΕΔΟ ΠΑΝΙΩΝΙΟΥ',NULL,1),
('2017-01-05 15:00:00', 'ΓΗΠΕΔΟ ΠΑΝΙΩΝΙΟΥ',NULL,2),
('2017-01-05 15:00:00', 'ΓΗΠΕΔΟ ΠΑΝΙΩΝΙΟΥ',NULL,3),
('2017-01-05 15:00:00', 'ΓΗΠΕΔΟ ΠΑΝΙΩΝΙΟΥ',NULL,4),
('2017-01-05 15:00:00', 'ΓΗΠΕΔΟ ΠΑΝΙΩΝΙΟΥ',NULL,5),
('2017-01-05 15:00:00', 'ΓΗΠΕΔΟ ΠΑΝΙΩΝΙΟΥ',NULL,6),
('2017-01-05 15:00:00', 'ΓΗΠΕΔΟ ΠΑΝΙΩΝΙΟΥ',NULL,7),
('2017-01-05 15:00:00', 'ΓΗΠΕΔΟ ΠΑΝΙΩΝΙΟΥ',NULL,8),
('2016-09-10 18:15:00', 'ΓΗΠΕΔΟ ΠΑΝΙΩΝΙΟΥ', NULL,1),
('2016-09-10 18:15:00', 'ΓΗΠΕΔΟ ΠΑΝΙΩΝΙΟΥ', NULL,2),
('2016-09-10 18:15:00', 'ΓΗΠΕΔΟ ΠΑΝΙΩΝΙΟΥ', NULL,3),
('2016-09-10 18:15:00', 'ΓΗΠΕΔΟ ΠΑΝΙΩΝΙΟΥ', NULL,4),
('2016-09-10 18:15:00', 'ΓΗΠΕΔΟ ΠΑΝΙΩΝΙΟΥ', NULL,5),
('2016-09-10 18:15:00', 'ΓΗΠΕΔΟ ΠΑΝΙΩΝΙΟΥ', NULL,6),
('2017-03-05 19:30:00', 'ΓΗΠΕΔΟ ΤΟΥΜΠΑΣ',NULL,1),
('2017-03-05 19:30:00', 'ΓΗΠΕΔΟ ΤΟΥΜΠΑΣ',NULL,2),
('2017-03-05 19:30:00', 'ΓΗΠΕΔΟ ΤΟΥΜΠΑΣ',NULL,3),
('2017-03-05 19:30:00', 'ΓΗΠΕΔΟ ΤΟΥΜΠΑΣ',NULL,4),
('2017-03-05 19:30:00', 'ΓΗΠΕΔΟ ΤΟΥΜΠΑΣ',NULL,5),
('2017-03-05 19:30:00', 'ΓΗΠΕΔΟ ΤΟΥΜΠΑΣ',NULL,6),
('2016-12-04 19:30:00', 'ΑΠΟΣΤΟΛΟΣ ΝΙΚΟΛΑΙΔΗΣ',NULL,7),
('2016-12-04 19:30:00', 'ΑΠΟΣΤΟΛΟΣ ΝΙΚΟΛΑΙΔΗΣ',NULL,8);

INSERT INTO season_ticket_history(game_date, stadium_name, ticket_id) VALUES
('2017-01-04 19:30:00', 'ΣΤΑΔΙΟ Γ. ΚΑΡΑΙΣΚΑΚΗΣ', 2),
('2016-09-11 20:30:00', 'ΣΤΑΔΙΟ Γ. ΚΑΡΑΙΣΚΑΚΗΣ', 2),
('2016-09-17 17:00:00', 'ΟΑΚΑ', 1);

INSERT INTO season_ticket_history(game_date, stadium_name, ticket_id) VALUES
('2016-09-17 17:00:00', 'ΟΑΚΑ', 2),
('2016-09-25 20:30:00', 'AEL FC ARENA', 2);